<?xml version="1.0" encoding="UTF-8"?>
<archetype-descriptor name="struts2-archetype-starter">

    <fileSets>
        <fileSet filtered="true" packaged="true">
            <directory>src/main/java</directory>
            <includes>
                <include>**/*.java</include>
            </includes>
        </fileSet>

        <fileSet filtered="true" packaged="true">
            <directory>src/test/java</directory>
            <includes>
                <include>**/*.java</include>
            </includes>
        </fileSet>

        <fileSet filtered="false" packaged="true">
            <directory>src/main/resources</directory>
            <includes>
                <include>**/*.properties</include>
            </includes>
        </fileSet>

        <fileSet filtered="false" packaged="false">
            <directory>src/main/resources</directory>
            <includes>
                <include>**/*.xml</include>
            </includes>
        </fileSet>

        <fileSet filtered="false" packaged="false">
            <directory>src/main/webapp</directory>
            <includes>
                <include>**/*.jsp</include>
            </includes>
        </fileSet>
        <fileSet encoding="UTF-8">
          <directory>src/main/webapp</directory>
          <includes>
            <include>**/*.MF</include>
            <include>**/*.js</include>
            <include>**/*.css</include>
          </includes>
        </fileSet>

        <fileSet filtered="true" packaged="false">
            <directory>src/main/webapp/WEB-INF</directory>
            <includes>
                <include>**/*.xml</include>
            </includes>
        </fileSet>
    </fileSets>

</archetype-descriptor>
