[{
  "id": "0",
  "title": "关于 placeholder 的兼容实现",
  "time": "2015-04-20",
  "url": "../public/essay/2015-04-20.md",
  "main": "今天写一个表单样式的时候遇到了js事件监听函数的兼容性问题，记录下来。"
},{
  "id": "1",
  "title": "XSS 相关",
  "time": "2015-08-07",
  "url": "../public/essay/2015-08-27.md",
  "main": "跨站脚本(Cross-site Scripting)即XSS，为不和层叠样式表(Cascading Style Sheets)的缩写混淆，故缩写为XSS。指攻击者向目标Web站点注入HTML标签或者脚本这类安全问题。在之前身边发生了某个关于注入的事件，记忆深刻...所以写下这篇来提醒自己。"
},{
  "id": "2",
  "title": "CSS 动画优化",
  "time": "2015-09-08",
  "url": "../public/essay/2015-09-08.md",
  "main": "最近写了个自定义样式的audio播放器，在设置外观的时候遇到了严重的卡顿问题，于是整理了下css的动画优化。"
},{
  "id": "3",
  "title": "JS 内存泄露",
  "time": "2015-10-21",
  "url": "../public/essay/2015-10-21.md",
  "main": "js内存泄露是指一块被分配的内存在浏览器进程结束前既不能使用，又不能回收的问题。在某次偶然机会了解到这个问题，关注了一下。"
}]