[{
  "id": "0",
  "time": "2013-04-20",
  "main": "在这一天，我和雨酱正式在一起了。可以说是一切的起点吧，这时的我正读高二，终于拥有了值得守护的东西，以及为此奋斗的动力，尽管这时的这份感情还并不成熟，尽管之后和雨酱发生了许多矛盾，但是最初的那份悸动至终也一直在我的心底保留着，催促着萌芽的恋情愈加牢固。感谢自己有着开明的老爸老妈，以后一定要告诫自己的孩子不要早恋【严肃】。"
},{
  "id": "1",
  "time": "2014-06",
  "main": "高中对于大部分中国学生都是辛苦与乐趣并存吧，对我也一样，在这个高中学习紧张辛苦，在班上我的学习也并不拔尖，生活平平淡淡，但是在这里我认识了兴趣相投的朋友，以及陪伴一生的恋人。我的高中生活就在这年结束了，并未惊起波澜，也并未一无所得。"
},{
  "id": "2",
  "time": "2014-09",
  "main": "从小学到高中，老师一直都“教导”我们，上了大学你就没那么辛苦了，我差点就信了...在这个九月我来到了重庆邮电大学，也就在这个月，我加入了一个改变我生活的组织。也就在这个月，我第一次接触到“前端”。"
},{
  "id": "3",
  "time": "2015-01",
  "main": "我是一个很懒散的人，然而在大学的第一个学期还是努力地想要学好一门技术，逼迫着自己接受了许多知识，在这个寒假与另一个伙伴联手写了一个名为“梦想+∞”的具有弹幕功能的视频网站【其实是大神带着我飞，github上还有当时的源码，现在看来已经很是粗糙了】，从此真正对前端产生了兴趣，想要学好它。"
},{
  "id": "4",
  "time": "2015-06",
  "main": "又到了高考的时候，雨酱终于结束了一年的闭关修炼，去到了一所成都的大学，虽然可惜没能在一个学校，不过这并不是特别令人沮丧的事情，至少已经告别了最折磨人的时期了。"
},{
  "id": "5",
  "time": "2015-08",
  "main": "提前一个多月回到了学校，进行假期修炼。繁忙的一个月，学校没有为我住的楼栋提供热水，食堂也只有较远的那个还在运作，紧张的时间安排带来的是浓浓的充实感，身边一群逗比朋友让我这个月过得很开心。"
},{
  "id": "6",
  "time": "2015-09-01",
  "main": "这一天我退出了某个自己很喜欢圈子，带着不舍，但是我的心里还有着深深的不安和紧张感。未来深不可测，我所作出的每一个选择都会影响我的人生走向，不知我能否约束好自己，洗掉自己的懒散。未来不会再有人来督促自己，这一年的我，已经成年了。"
},{
  "id": "7",
  "time": "2016-03-01",
  "main": "大学副本进度37.5%，嘛，这一年半的生活与曾经想象中的大不相同，并没有青春放肆地游戏，也没有说走就走的旅行，终日待在教室寝室，无聊甚至孤单。并不是人际的孤单，是生活。"
}]