[{
  "id": "2",
  "title": "Angel Beats",
  "describe": "立于浮华之世，奏响天籁之音",
  "src": "../public/img/noteimg/2.jpg",
  "main": "有没有什么事情能让你即使死去也难以忘记？有没有哪个人在你转生之后也能在人海中找到她？或许在三次元提及二次元中的浪漫是不现实的，或许现实中的你没空去仔细体会生活中处处洋溢的幸福，但生命是短暂的，在离开人世的那刻，会不会有那么一件事让你难以忘怀呢？与相爱之人在一起的点点滴滴，没能完成某个约定的追悔莫及...那么，现在的你有没有想用一生来完成的某个目标呢？有的话，就请加油吧，因为在你死亡的那头，不会有你期待的天使。"
},{
  "id": "1",
  "title": "未闻花名",
  "describe": "夏之忆，泣凋零，彼日花未名",
  "src": "../public/img/noteimg/1.jpg",
  "main": "不要在失去之后再去想要该如何珍惜。"
},{
  "id": "0",
  "title": "境界的彼方",
  "describe": "“没有未来的未来不是我想要的未来”",
  "src": "../public/img/noteimg/0.jpg",
  "main": "境彼是我最喜欢的一部动漫，画风优秀，人物性格刻画也很深刻，但要说最喜欢它的原因，只是未来和秋人之间的故事让人很感动。尽管未来篇剧情有种韩剧即视感，但是还好最后是good end。"
}]