{
  "name": "webcomponents.js",
  "main": "webcomponents.js",
  "version": "0.4.2",
  "homepage": "http://webcomponents.org",
  "authors": [
    "The Polymer Authors"
  ],
  "keywords": [
    "webcomponents"
  ],
  "license": "BSD",
  "ignore": [
    "**/.*",
    "node_modules",
    "bower_components",
    "test",
    "tests"
  ],
  "_release": "0.4.2",
  "_resolution": {
    "type": "version",
    "tag": "v0.4.2",
    "commit": "d84d926d6211a2f9dfa5e832fbd01cee5d986812"
  },
  "_source": "git://github.com/Polymer/webcomponentsjs.git",
  "_target": "~0.4.2",
  "_originalSource": "webcomponentsjs",
  "_direct": true
}