{
  "status":404,
  "message":"2015",
  "papers":[
      {
        "title":"",
        "authors":"",
        "years":2015,
        "abstract":""
      },
      {
      "title":"n",
      "authors":"",
      "years":2015,
      "abstract":""
      },
      {
      "title":"n",
      "authors":"",
      "years":2015,
      "abstract":""
      },
    {
      "title":"",
      "authors":"",
      "years":2015,
      "abstract":""
    },
    {
      "title":"n",
      "authors":"",
      "years":2015,
      "abstract":""
    },
    {
      "title":"n",
      "authors":"",
      "years":2015,
      "abstract":""
    }
  ]
}