{
  "status":200,
  "message":"2016",
  "papers":[
    {
      "title":"软硬件结合的“信号与系统”课程实验教学",
      "authors":"尹霄丽,牛泽群",
      "years":2016,
      "abstract":"为了促进学生深入理解基本概念、基本原理以及提高综合实践能力，本文提出了一种基于德州仪器公司（ TI）实验套件和Matlab仿真相结合的“信号与系统”实验联合教学法。以“正弦脉冲宽度调制波的产生和滤波”实验为例，详细阐述了软硬件相结合的实验教学的方案设计和实施情况。"
    },
    {
      "title":"多课程融合的“信号与系统”实验教学改革",
      "authors":"尹霄丽,尹鹏,林泊安,魏翼飞,郭丽",
      "years":2016,
      "abstract":"为了学生更好地理解基本概念和提高综合实践能力,同时加强与相关课程的联系,作者提出了一种多课程融合的“信号与系统”课程实验教学方法.这种教学方法融合理论与实践、软件与硬件,以及其他课程(如“电子测量与电子电路实验”“电子电路基础”“数字电路与逻辑设计”和“C语言编程”等)的知识.论文通过一个教学案例探讨了多课程融合的“信号与系统”实验教学方案设计和教学实践情况.教学中利用Matlab和FiherPro等软件对实验原理进行仿真分析,硬件实验采用了美国德州仪器(TI)公司的TIVA Cortex M4 TI模拟创新实验套件.教学试点结果表明,通过以上教学方法的改革加强了课程间知识点的联系,激发了学生的学习兴趣,提高了学生的实践和创新能力,教学效果得到学生的认可."
    },
    {
      "title":"A Compact Triple-Band Printed Monopole Antenna for WLAN/WiMAX Applications",
      "authors":"L Li,X Zhang,X Yin,L Zhou",
      "years":2016,
      "abstract":"A novel multifrequency printed monopole antenna applied to both WLAN and WiMAX systems is proposed in this letter. The antenna structure is simple, and the size is 34$\times$ 18 mm$^{2}$. The proposed microstrip-fed antenna mainly comprises a fork-shaped strip that is etched on a modified rectangular ring and a rectangular-defected ground plane. To experimentally analyze the characteristics of this antenna, the design, fabrication, and measurement have been completed. Good antenna performances have been obtained."
    },
    {
      "title":"Optical frequency comb generation using two cascaded polarization modulators",
      "authors":"Y Yang,J Ma,X Xin,Q Zhang,Y Zhang",
      "years":2016,
      "abstract":"A novel approach to generate the flattened optical frequency comb (OFC) with tunable frequency spacing is proposed. The proposed generator consists of two cascaded polarization modulators driven by two radio frequency signals with different frequencies. By adjusting the parameters, 9, 12, and 16 comb lines can be generated with tunable frequency spacing. The scheme requires no DC bias voltage of the modulators and no optical filter, which makes our method simple and stable. A concept proof simulation is conducted to confirm the feasibility of the generation schemes of the 9-, 12-, and 16-line OFCs."
    }
  ]
}