{
  "status":200,
  "message":"",
  "journal":[
    {
      "name":"Advances in Optics and Photonics",
      "link":"https://www.osapublishing.org/aop/home.cfm",
      "picUrl": "../statics/osa-aop.jpg"
    },
    {
      "name":"Applied Optics",
      "link":"https://www.osapublishing.org/ao/home.cfm",
      "picUrl":"../statics/osa-ao.jpg"
    },
    {
      "name":"Chinese Optics Letters",
      "link":"https://www.osapublishing.org/col/home.cfm",
      "picUrl":"../statics/osa-col.jpg"
    },
    {
      "name":"Journal of the Optical Society of America A",
      "link":"https://www.osapublishing.org/josaa/home.cfm",
      "picUrl":"../statics/osa-josaa.jpg"
    },
    {
      "name":"Journal of the Optical Society of America B",
      "link":"https://www.osapublishing.org/josab/home.cfm",
      "picUrl":"../statics/osa-josab.jpg"
    },
    {
      "name":"Optica",
      "link":"https://www.osapublishing.org/optica/home.cfm",
      "picUrl":"../statics/osa-optica.jpg"
    },
    {
      "name":"Optics Express",
      "link":"https://www.osapublishing.org/oe/home.cfm",
      "picUrl":"../statics/osa-oe.jpg"
    },
    {
      "name":"Optics Letters",
      "link":"https://www.osapublishing.org/ol/home.cfm",
      "picUrl":"../statics/osa-ol.jpg"
    },
    {
      "name":"Photonics Research",
      "link":"https://www.osapublishing.org/prj/home.cfm",
      "picUrl":"../statics/osa-prj.jpg"
    },
    {
      "name":"物理学报",
      "link":"http://wulixb.iphy.ac.cn/CN/volumn/home.shtml",
      "picUrl":"../statics/物理学报.jpg"
    },
    {
      "name":"光学学报",
      "link":"http://www.opticsjournal.net/Journals/gxxb.htm",
      "picUrl":"../statics/光学学报.jpg"
    }
  ]
}