{
  "status":0,
  "message":"",
  "achievements":[
    {
      "title":"Offset tolerance of an orbital angular momentum optical communication system with angular deflection",
      "link":"https://www.researchgate.net/publication/313792370_Offset_tolerance_of_an_orbital_angular_momentum_optical_communication_system_with_angular_deflection"
    },
    {
      "title":"软硬件结合的“信号与系统”课程实验教学",
      "link":"http://www.wanfangdata.com.cn/details/detail.do?_type=perio&id=dqdzjxxb201603036"
    },
    {
      "title":"多课程融合的“信号与系统”实验教学改革",
      "link":"http://www.wanfangdata.com.cn/details/detail.do?_type=perio&id=sysyjyts201610047"
    },
    {
      "title":"A compact triple-band printed monopole antenna for wlan/wimax applications",
      "link":"https://www.researchgate.net/publication/297676577_A_Compact_Triple-Band_Printed_Monopole_Antenna_for_WLANWiMAX_Applications"
    },
    {
      "title":"Optical frequency comb generation using two cascaded polarization modulators",
      "link":"https://www.researchgate.net/publication/286509794_Optical_frequency_comb_generation_using_two_cascaded_polarization_modulators"
    }
  ]
}