{
  "status":0,
  "message":"",
  "result":[
    {
      "pic":"../statics/pics02.jpg",
      "title":"Machine learning approach to OAM beam demultiplexing via convolutional neural networks",
      "link":"http://8.18.37.105/ao/abstract.cfm?uri=ao-56-12-3386",
      "abstract":"Orbital angular momentum (OAM) beams allow for increased channel capacity in free-space optical communication. Conventionally, these OAM beams are multiplexed together at a transmitter and then propagated through the atmosphere to a receiver where, due to their orthogonality properties, they are demultiplexed. We propose a technique to demultiplex these OAM-carrying beams by capturing an image of the unique multiplexing intensity pattern and training a convolutional neural network (CNN) as a classifier. This CNN-based demultiplexing method allows for simplicity of operation as alignment is unnecessary, orthogonality constraints are loosened, and costly optical hardware is not required. We test our CNN-based technique against a traditional demultiplexing method, conjugate mode sorting, with various OAM mode sets and levels of simulated atmospheric turbulence in a laboratory setting. Furthermore, we examine our CNN-based technique with respect to added sensor noise, number of photon detections, number of pixels, unknown levels of turbulence, and training set size. Results show that the CNN-based demultiplexing method is able to demultiplex combinatorially multiplexed OAM modes from a fixed set with >99% accuracy for high levels of turbulence—well exceeding the conjugate mode demultiplexing method. We also show that this new method is robust to added sensor noise, number of photon detections, number of pixels, unknown levels of turbulence, and training set size.",
      "author":"Timothy Doster and Abbie T. Watnik",
      "keywords":"Machine learning,OAM",
      "referencecount":0,
      "publish":"AO",
      "publishlink":"http://8.18.37.105/ao/home.cfm"
    }
  ]
}