{
  "status":0,
  "message":"",
  "images":[
    {
      "linkUrl": "#",
      "picUrl": "../statics/banner1.jpg",
      "id": 2018021701
    },
    {
      "linkUrl": "#",
      "picUrl": "../statics/banner2.jpg",
      "id": 2018021702
    },
    {
      "linkUrl":  "#",
      "picUrl": "../statics/banner3.jpg",
      "id": 2018021703
    },
    {
      "linkUrl":  "#",
      "picUrl": "../statics/banner4.jpg",
      "id": 2018021704
    },
    {
      "linkUrl":  "#",
      "picUrl": "../statics/banner5.jpg",
      "id": 2018021705
    }
  ]
}