{
  "status":0,
  "message":"",
  "news":[
    {
      "title":"关于发布2017-2018学年第二学期研究生课程表及选课说明的通知",
      "link":"http://grs.bupt.edu.cn/content/content.php?p=16_1_1501"
    },
    {
      "title":"关于对北京邮电大学博士创新基金资助项目进行中期检查的通知",
      "link":"http://grs.bupt.edu.cn/content/content.php?p=16_1_1500"
    },
    {
      "title":"关于2018年硕士研究生学位论文抽查工作的通知",
      "link":"http://grs.bupt.edu.cn/content/content.php?p=16_1_1496"
    },
    {
      "title":"关于公布2018年1月研究生学历毕业电子注册名单的通知",
      "link":"http://grs.bupt.edu.cn/content/content.php?p=16_1_1497"
    },
    {
      "title":"2017年秋季学期退学证明送达公告",
      "link":"http://grs.bupt.edu.cn/content/content.php?p=16_1_15030"
    },
    {
      "title":"关于提醒2018年即将超期的研究生注意学习年限的通知",
      "link":"http://grs.bupt.edu.cn/content/content.php?p=16_1_1494"
    }
  ]
}