{
  "status":404,
  "message":"其他",
  "papers":[
      {
        "title":"",
        "authors":"",
        "years":2016,
        "abstract":""
      },
      {
      "title":"",
      "authors":"",
      "years":2016,
      "abstract":""
      },
      {
      "title":"",
      "authors":"",
      "years":2016,
      "abstract":""
      },
    {
      "title":"",
      "authors":"",
      "years":2016,
      "abstract":""
    },
    {
      "title":"",
      "authors":"",
      "years":2016,
      "abstract":""
    },
    {
      "title":"",
      "authors":"",
      "years":2016,
      "abstract":""
    }
  ]
}