<?xml version="1.0" encoding="UTF-8" ?>
<!DOCTYPE struts PUBLIC
	"-//Apache Software Foundation//DTD Struts Configuration 2.3//EN"
	"http://struts.apache.org/dtds/struts-2.3.dtd">

<struts>

    <constant name="struts.enable.DynamicMethodInvocation" value="false" />
    <constant name="struts.devMode" value="false" />

    <include file="example.xml"/>



    <package name="default" namespace="/" extends="struts-default">
        <default-action-ref name="index" />
        <action name="index">
            <result type="redirectAction">
                <param name="actionName">HelloWorld</param>
                <param name="namespace">/example</param>
            </result>
        </action>
    </package>

    <!-- Add packages here -->

</struts>
