<p><br/></p><p><span style="font-size: 20px;">实现思路：（用PHP实现是有点蛋疼，但是开心就好，谢绝吐槽）</span></p><p>用PHP调用API获取翻译结果，在命令行下执行PHP脚本；但总是加PHP5指明解释程序有点麻烦，so，来个shell就好。</p><p><br/></p><p>一、首先的安装PHP这个就不多说啦</p><p>二、申请有道API：<a href="http://fanyi.youdao.com/openapi?path=data-mode" _src="http://fanyi.youdao.com/openapi?path=data-mode">http://fanyi.youdao.com/openapi?path=data-mode</a> </p><p>三、编码（这才是关键）：</p><p>php中 $argv 保存命令行参数，$argc保存了参数个数</p><p>附上代码：</p><p>php代码：</p><p>youdao_api.php</p><pre class="brush:php;toolbar:false">&lt;?php
function&nbsp;get_res($pro)
{
$keyfrom&nbsp;=&nbsp;×××××××&quot;;
$api_key&nbsp;=&nbsp;&quot;××××××&quot;;
$doctype&nbsp;=&nbsp;&quot;json&quot;;
$api_url&nbsp;=&nbsp;&quot;http://fanyi.youdao.com/openapi.do?keyfrom=$keyfrom&amp;key=$api_key&amp;type=data&amp;doctype=$doctype&amp;version=1.1&amp;q=$pro&quot;;
$res&nbsp;=&nbsp;file_get_contents($api_url);
return&nbsp;$res;
}
function&nbsp;deal_res($res,$src)
{
if(empty($res)){
return&nbsp;false;
}
$data_arr&nbsp;=&nbsp;json_decode($res,true);
echo&nbsp;$src.&quot;:\n&quot;;
echo&nbsp;&quot;&nbsp;&nbsp;&nbsp;翻译:&nbsp;&quot;;
foreach($data_arr[&#39;translation&#39;]&nbsp;as&nbsp;$key=&gt;$value){
echo&nbsp;$value.&quot;;&quot;;
}
echo&nbsp;&quot;\n&quot;;
echo&nbsp;&quot;&nbsp;&nbsp;&nbsp;词典：&quot;;
foreach($data_arr[&#39;basic&#39;][&#39;explains&#39;]&nbsp;as&nbsp;$key=&gt;$value){
echo&nbsp;$value;
}
echo&nbsp;&quot;\n&quot;;
echo&nbsp;&quot;&nbsp;&nbsp;&nbsp;发音:&nbsp;us:&quot;.$data_arr[&#39;basic&#39;][&#39;us-phonetic&#39;].&quot;\n&quot;;
echo&nbsp;&quot;&nbsp;&nbsp;&nbsp;&nbsp;&nbsp;&nbsp;&nbsp;&nbsp;&nbsp;uk:&quot;.$data_arr[&#39;basic&#39;][&#39;uk-phonetic&#39;].&quot;\n&quot;;
}
foreach($argv&nbsp;as&nbsp;$key=&gt;$value)
{
if($key&nbsp;!=&nbsp;0){
$res&nbsp;=&nbsp;get_res($value);
if(!$res){
echo&nbsp;&quot;调用有道API翻译$value失败\n&quot;;
}else{
deal_res($res,$value);
}
}
}</pre><p>shell脚本：</p><p>youdao</p><pre class="brush:pl;toolbar:false">#!/bin/bash
while&nbsp;[&nbsp;$#&nbsp;-ne&nbsp;0&nbsp;]
do
php5&nbsp;youdao_api.php&nbsp;$1
shift
done</pre><p>为脚本添加链接：<br/></p><p>sudo ln -s ~/workplace/php/youdao/youdao /usr/bin/youdao</p><p><br/></p>