<?xml version="1.0" encoding="UTF-8" ?>
<!DOCTYPE struts PUBLIC
        "-//Apache Software Foundation//DTD Struts Configuration 2.3//EN"
        "http://struts.apache.org/dtds/struts-2.3.dtd">

<struts>

    <constant name="struts.enable.DynamicMethodInvocation" value="false"/>

    <package name="myPackage" extends="struts-default">

        <default-action-ref name="index" />

        <action name="index" class="${package}.IndexAction">
            <result>/jsp/index.jsp</result>
        </action>

        <action name="helloWorld" class="helloWorldAction">
            <result name="input">/jsp/index.jsp</result>
            <result>/jsp/helloWorld.jsp</result>
        </action>

    </package>

</struts>
