<?xml version="1.0" encoding="UTF-8"?>

<portlet-app xmlns="http://java.sun.com/xml/ns/portlet/portlet-app_2_0.xsd" version="2.0" 
             xmlns:xsi="http://www.w3.org/2001/XMLSchema-instance" 
             xsi:schemaLocation="http://java.sun.com/xml/ns/portlet/portlet-app_2_0.xsd 
                                 http://java.sun.com/xml/ns/portlet/portlet-app_2_0.xsd"
             id="\${artifactId}">

    <portlet id="HelloPortlet">
        <description xml:lang="EN">Simple hello world portlet</description>
        <portlet-name>HelloPortlet</portlet-name>
        <display-name xml:lang="EN">\${artifactId}</display-name>
    
        <portlet-class>org.apache.struts2.portlet.dispatcher.Jsr286Dispatcher</portlet-class>

		<init-param>
	        <name>actionPackages</name>
	        <value>${package}</value>
	    </init-param>
    
		<!-- The namespace for the actions configured for view mode -->
		<init-param>
			<name>viewNamespace</name>
			<value>/view</value>
		</init-param>
		
         <!-- The default action to invoke in view mode. -->
        <init-param>
            <name>defaultViewAction</name>
            <value>index</value>
        </init-param>

		<!-- The namespace for the actions configured for edit mode -->
		<init-param>
			<name>editNamespace</name>
			<value>/edit</value>
		</init-param>
		
         <!-- The default action to invoke in edit mode. -->
        <init-param>
            <name>defaultEditAction</name>
            <value>index!input</value>
        </init-param>

        <expiration-cache>0</expiration-cache>

        <supports>
            <mime-type>text/html</mime-type>
			<portlet-mode>view</portlet-mode>
            <portlet-mode>edit</portlet-mode>
        </supports>

        <supported-locale>en</supported-locale>

        <portlet-info>
            <title>HelloPortlet</title>
            <short-title>HelloPortlet</short-title>
            <keywords>struts 2,portlet,hello,world</keywords>
        </portlet-info>
    </portlet>
  
</portlet-app>
