<?xml version="1.0" encoding="UTF-8"?>

<!DOCTYPE struts PUBLIC
        "-//Apache Software Foundation//DTD Struts Configuration 2.3//EN"
        "http://struts.apache.org/dtds/struts-2.3.dtd">

<struts>
    <!--<package name="struts2" extends="struts-default">
            <interceptors>
                    <interceptor name="loginInterceptor" class="com.struts2Login.interceptor"></interceptor>
                    <interceptor-stack name="myDefaultInterceptorStack"></interceptor-stack>

            </interceptors>
    </package>-->
    <package name="struts2" extends="struts-default">
        <interceptors>
            <interceptor name="loginInterceptor" class="com.struts2Login.interceptor.LoginInterceptor">
            </interceptor>
            <interceptor-stack name="myDefaultInterceptorStack">
                <interceptor-ref name="loginInterceptor"/>
                <interceptor-ref name="defaultStack"/>
            </interceptor-stack>
        </interceptors>

        <default-interceptor-ref name="myDefaultInterceptorStack"/>

        <global-results>
            <result name="login">/error.jsp</result>
        </global-results>

        <action name="login" class="com.struts2Login.action.LoginAction">
            <result name="success">/LoginResult.jsp</result>
            <result name="input">/failLogin.jsp</result>
        </action>

        <action name="register" class="com.struts2Login.action.RegisterAction">
            <result name="success">/registerResult.jsp</result>
        </action>

        <action name="main" class="com.struts2Login.action.MainAction">
            <result name="success">/mainResult.jsp</result>
        </action>
    </package>

</struts>