{
	"id":406255626,
	"type":9,
	"fakeid":"2390079680",
	"nick_name":"济宁圈",
	"date_time":1452590009,
	"content":"",
	"source":"mass",
	"msg_status":2,
	"title":"紧急通知！济宁即将改名了！",
	"desc":"济宁圈微信号：lhjining有人用微信聊天，有人却在微信中学习，成长。下面是2016最HOT公众号，赶快试",
	"content_url":"http://mp.weixin.qq.com/s?__biz=MjM5MDA3OTY4MA==&mid=406255622&idx=1&sn=e342959bb490ef933c3150f0f4cf8d76#rd",
	"show_type":1,
	"file_id":406253309,
	"app_sub_type":3,
	"comment_url":"",
	"has_reply":0,
	"refuse_reason":"",

	"multi_item":[
		{
			"seq":0,
			"cover":
			"https://mmbiz.qlogo.cn/mmbiz/eicgFnTsbichXyI10THMkia0mkXxQNe3GY0ibgnMmQl4c5CLmJricJyOzeKmicCdbUY0sYzCCkLzhRrMEKvGiaNXA9Rqw/0?wx_fmt=jpeg",
			"title":"紧急通知！济宁即将改名了！",
			"digest":"济宁圈微信号：lhjining有人用微信聊天，有人却在微信中学习，成长。下面是2016最HOT公众号，赶快试",
			"content_url":"http://mp.weixin.qq.com/s?__biz=MjM5MDA3OTY4MA==&amp;mid=406255622&amp;idx=1&amp;sn=e342959bb490ef933c3150f0f4cf8d76#rd",
			"file_id":406253309,
			"content":"",
			"source_url":"",
			"author":"",
			"show_cover_pic":0,
			"del_flag":0,
			"vote_id":[],
			"copyright_status":100,
			"copyright_type":0,
			"super_vote_id":[],
			"is_deleted":0,
			"msg_id":406255622,
			"read_num":7179,
			"like_num":5,
		}]
	"is_new_video":0
}