<?xml version="1.0"?>
<!--
  Copyright 2002-2005 The Apache Software Foundation or its licensors,
  as applicable.

  Licensed under the Apache License, Version 2.0 (the "License");
  you may not use this file except in compliance with the License.
  You may obtain a copy of the License at

      http://www.apache.org/licenses/LICENSE-2.0

  Unless required by applicable law or agreed to in writing, software
  distributed under the License is distributed on an "AS IS" BASIS,
  WITHOUT WARRANTIES OR CONDITIONS OF ANY KIND, either express or implied.
  See the License for the specific language governing permissions and
  limitations under the License.
-->
<!DOCTYPE status PUBLIC "-//APACHE//DTD Status V1.3//EN" "http://forrest.apache.org/dtd/status-v13.dtd">
<status>
    <developers>
        <person name="Stephan Strittmatter" id="ssr"/>
		<person name="Stephan Strittmatter" id="stritti"/>
        <person name="Seth Chisamore" email="schisamo@users.berlios.de" id="sce"/>
    </developers>
    
    <!-- Define here the Title of the Context you want to display in the Changes pages.
       id = the context value of actions
       title = Title of the Context
  -->
    <contexts >
        <context id="code" title="Changes to the Code Base"/>
        <context id="docs" title="Changes to Documentation"/>
        <context id="admin" title="Changes to Project Administration"/>
        <context id="design" title="Changes to Design"/>
        <context id="build" title="Changes to Build"/>
    </contexts>
    <changes>
       <!-- Add new releases here -->
      <release version="1.1" date="undefined">
            <notes>
                <section>
                    <title>...</title>
                    <p>
                    	...
                    </p>
                </section>
            </notes>
           <action dev="ssr" type="fix" context="code" importance="medium" due-to="Harlan"fixes-bug="014323"> 
               Naming of ConsoleAppender categories in IE fixed.
            </action>            
 
       </release>	
       
      <release version="1.0" date="2008-08-04">
            <notes>
                <section>
                    <title>Consolidated Version</title>
                    <p>
                    	Only bugs reported for 1.0-RC1 are fixed within this release.
                    </p>
                </section>
            </notes>
           <action dev="ssr" type="fix" context="code" importance="medium" due-to="Harlan" fixes-bug="014274"> 
                Prototype overwrites refactored to Log4js-methods.
            </action>            
            <action dev="ssr" type="fix" context="code" importance="medium" due-to="softadm" fixes-bug="012114"> 
                AjaxAppender does not XML-quote referer.
            </action> 	
            <action dev="ssr" type="fix" context="docs" importance="medium" due-to="softadm" fixes-bug="012148"> 
                XSD added to project for sending XML-Messages. DTD set to depricate.
            </action>
       </release>	
	   	   
       <release version="1.0-RC1" date="2007-08-17">
            <notes>
                <section>
                    <title>Improved Version</title>
                    <p>
                    	Many changes are done since last release. Have a look on the action list.
                    </p>
                    <p>
                    	The biggest change is the change of API to have Appender and Layout 
                    	classes more object oriented and be part of Log4js object.
                    	For example instead of 
                    	<code>new ConsoleAppender()</code> use now 
                    	<code>new Log4js.ConsoleAppender()</code>.
                    </p>
                </section>
            </notes>
            
            <action dev="ssr" type="add" context="code" importance="medium" due-to="Nicolas Justin and Gregory Kokanosky"> 
                FileAppender supports now also Mozilla Browser. 
                Many thanks for this patch to Nicolas Justin and Gregory Kokanosky of 
                <link href="http://www.idealx.com">http://www.idealx.com</link>
            </action>
           <action dev="ssr" type="fix" context="code" importance="medium" due-to="Sven.Space"
           	fixes-bug="008003"> 
                ConsoleAppender supports now several Loggers with several Console.
            </action>
           <action dev="ssr" type="add" context="code" importance="medium" due-to="Sven.Space"> 
                ConsoleAppender can set specific accesskey now.
            </action>
           <action dev="ssr" type="fix" context="admin" importance="medium" 
           	fixes-bug="007276"> 
                Examples fixed to work within the web page. Specific ant task &quote;site&quote;
                fixed for that. The AJAXappender example is still not working because of no JSP support
                of the hosting server.
            </action>
           <action dev="ssr" type="add" context="admin" importance="medium" fixes-bug="007277"> 
                Now generating also gzipped TAR archive. Directory log4js-[version] added in the archive.
            </action>
            <action dev="ssr" type="add" context="docs" importance="medium" > 
                FAQs extended.
            </action>   
            <action dev="ssr" type="fix" context="code" importance="high" fixes-bug="008065">
            	AJAXappender fixed for sending several log entries in respect of response delay.
            </action>  
            <action dev="ssr" type="add" context="docs" importance="medium" >
            	<link href="ext:log4js/wiki">Wiki</link> created for improved community.
            </action>                     
            <action dev="ssr" type="add" context="code" importance="medium">
            	Unit tests on basis of jsTester added.
            </action>
            <action dev="ssr" type="add" context="code" importance="medium" >
            	PatternLayout implemented and first compatibility alignments
            	to log4javascript.
            </action>  
            <action dev="ssr" type="add" context="docs" importance="medium" >
            	Users Guide created and published.
            </action>  
            <action dev="ssr" type="update" context="code" importance="high" >
            	Log4js refactored to be more object oriented. Also new hierarchical structure
            	introduced for appenders and layouts to be part of Log4js object.
            </action>  
            <action dev="ssr" type="add" context="code" importance="high" >
            	Log4js-servlet created to handle AJAX send logging events on server using
				Log4j or Java Logging.
            </action>  			
            <action dev="ssr" type="update" context="admin" importance="medium" >
            	Refactored structure of the project.
            </action>  			
       </release>

       <release version="0.2" date="2006-03-17">
            <notes>
                <section>
                    <title></title>
                    <p>
                    </p>
                </section>
            </notes>
            <action dev="ssr" type="add" context="design" importance="medium"> 
                Layout added to support different layouts of logging output.
            </action>
            <action dev="ssr" type="add" context="code" importance="medium"> 
                SimpleLayout and BasicLayout as first implementation of Layouts added.
            </action>            
            <action dev="ssr" type="add" context="code" importance="medium"> 
                HtmlLayout implemented.
            </action> 
            <action dev="ssr" type="add" context="code" importance="medium"> 
                XMLLayout implemented.
            </action> 
            <action dev="ssr" type="add" context="design" importance="medium"> 
                <a href="http://www.javascriptlint.com">JavaScript Lint</a> 
                added to ant target and warnings corrected in scripts.
            </action>  
            <action dev="ssr" type="add" context="code" importance="medium"> 
                MozJSConsoleAppender created. It logs to the JavaScript console of Mozilla browsers.
            </action>  
            <action dev="ssr" type="add" context="code" importance="medium"> 
                OperaJSConsoleAppender created. It logs to the JavaScript console of Opera browser.
            </action>  
            <action dev="ssr" type="add" context="code" importance="medium"> 
                SafariJSConsoleAppender created. It logs to the JavaScript console of Safari browser. 
               <strong>Who could test this?</strong>
            </action> 
            <action dev="ssr" type="add" context="code" importance="medium"> 
                AjaxAppender supports now threshold for sending events in groups. 
            </action> 
		</release>
			       
        <release version="0.1.5" date="2005-12-01">
            <notes>
                <section>
                    <title></title>
                    <p>
                    </p>
                </section>
            </notes>
            <action dev="ssr" type="add" context="docs" importance="medium"> 
                Initial installation of website at <a href="ext:log4js">http://stritti.github.io/log4js/</a>
            </action>
            <action dev="ssr" type="add" context="admin" importance="medium"> 
                Project setup at <a href="ext:log4js/develop">http://developer.berlios.de/projects/log4js/</a> and initial checkin at SVN.
            </action> 
            <action dev="sce" type="fix" context="code" importance="medium"> 
                Changed the way log levels are modeled to mirror Log4j conventions.  
            </action>
            <action dev="sce" type="fix" context="code" importance="medium"> 
                Change Log4js.LogLevel to Log4js.Level (Log4j has a LogLevel class and a Level class, LogLevel 
                is actually part of the LogFactor5 3rd party package) to match Log4j naming conventions 
            </action>
            <action dev="sce" type="add" context="code" importance="medium"> 
                Created static objects representing each log level.  
            </action>
            <action dev="sce" type="add" context="code" importance="medium"> 
                Added OFF and ALL levels to mirror Log4j levels. 
            </action>            
            <action dev="ssr" type="add" context="code" importance="medium"> 
                JSONLayout implemented to support exchange of data by <a href="http://www.json.org">JSON</a></action>
            
            <action dev="sce" type="update" context="code" importance="medium"> 
                Renamed Log4js.LogEntry to Log4js.LoggingEvent to mirror Log4j naming conventions.
            </action> 
			<action dev="ssr" type="add" context="code" importance="medium" 
				due-to="S&eacute;bastien LECACHEUR"> JSAlertAppender added. 
				Thanks to S&eacute;bastien LECACHEUR. </action>
            <action dev="ssr" type="add" context="code" importance="high"> 
                DefaultAppender renamed to Appender to reflect it as &quot;Interface&quot; for other appenders.
            </action> 
            <action dev="ssr" type="add" context="docs" importance="high"> 
                JSDoc added to build and comments updated to JSDoc.
            </action>               
            <action dev="ssr" type="add" context="admin" importance="medium"> 
                ANT build.xml created for build processes.
            </action> 
            <action dev="ssr" type="add" context="docs" importance="medium"> 
                Forrest capabilities added to generate web site doumentation
            </action>                         
        </release>
        
        <release version="0.1.4" date="Dec. 2005">
            <notes>
                <section>
                    <title></title>
                    <p>
                    </p>
                </section>
            </notes>
            <action dev="sce" type="update" context="code" importance="medium"> 
                Combined HtmlConsoleAppender and WindowAppender into a single appender since they are really the same thing (a console) just in different locations
            </action>
            <action dev="sce" type="update" context="code" importance="medium"> 
                New appender is called ConsoleAppender, you indicate whether the console should run inline during construction (default is to launch in new window) 
            </action>                                    
        </release>        
        <release version="0.1.3" date="Dec. 2005">
            <notes>
                <section>
                    <title></title>
                    <p>
                    </p>
                </section>
            </notes>
            <action dev="sce" type="add" context="code" importance="medium"> 
                Created an Log4js.LogEntry object to model a log entry, has category, level, and message properties, 
                it has a method to return a formatted string representing the message (need to replace this with actual Layouts).
            </action>
            <action dev="sce" type="add" context="code" importance="medium"> 
					Logs entries stored in central log entry array
            </action>
            <action dev="sce" type="add" context="code" importance="medium"> 
					Appenders are notified of new log entries through event notificiation and use of Log4js.Event objects
            </action>
            <action dev="sce" type="add" context="code" importance="medium"> 
					When a new log entry appears all appenders automatically notified.
            </action>
            <action dev="sce" type="add" context="code" importance="medium"> 
					When log entries are cleared all appenders are notified and cleared.
            </action>
            <action dev="sce" type="add" context="code" importance="medium" due-to="Corey Johnson"> 
					Added HtmlConsoleAppender that writes log messages to a hidden "console" that can be toggled with "Alt-d".
					Thanks to Corey Johnson whose Lumberjack (http://gleepglop.com/javascripts/logger/) code was adapted for this appender.
            </action>

        </release>   

        <release version="0.1.2" date="Dec. 2005">
            <notes>
                <section>
                    <title></title>
                    <p>
                    </p>
                </section>
            </notes>
            <action dev="sce" type="update" context="code" importance="medium"> 
					Pulled LogLevel and Logger under a main "class" called Log4js, updated all documentation an test functions to reflect changes.
					</action>
            <action dev="sce" type="fix" context="code" importance="medium"> 
					Fixed "clear" and "close" buttons on WindowAppender.
					</action>
            <action dev="sce" type="fix" context="code" importance="medium"> 
					Fixed scrolling issues in WindowAppender.
					</action>
            <action dev="sce" type="fix" context="code" importance="medium"> 
					Fixed IE javascript bug if user chooses "no" on ActiveX dialogue.
					</action>
            <action dev="sce" type="update" context="code" importance="medium"> 
					Updated all tests and comments to reflect above changes.  
				</action>
        </release>  
               <release version="0.1.1" date="Nov. 2005">
            <notes>
                <section>
                    <title>Initial public version</title>
                    <p>
                    </p>
                </section>
            </notes>
            <action dev="ssr" type="update" context="code" importance="medium"> 
					AJAXAppender
					</action>
            
        </release>  
        <release version="0.1.0" date="Nov. 2005">
            <notes>
                <section>
                    <title>Initial public version</title>
                    <p>
                    </p>
                </section>
            </notes>
            <action dev="ssr" type="update" context="code" importance="medium"> 
					First version published.
			</action>
        </release>          
    </changes>
    <todo>        
        <actions priority="medium">
            <action context="code" dev="open" type="add"> Add PatternLayout 
                capability like log4j (http://logging.apache.org/log4j/docs/api/org/apache/log4j/PatternLayout.html).
                Probably RegEx required, infos see: http://www.regular-expressions.info/javascript.html.
            </action>
            <action context="design" dev="open" type="add"> 
            	Implement log4js.properties feature to configure log4js at central place.
            	Probably the properties-file has to be located at {web-root}/js/log4js.properties?
            </action>
            <action context="code" dev="open" type="add">
            	Add JSUnit tests.
            </action>
            <action context="docs" dev="open" type="add">
                Matrix of supported browsers/environments required. Probably someone
                could help on non-Windows platforms?
            </action>                    
        </actions>
    </todo>
</status>