<?xml version="1.0"?>
<!DOCTYPE hibernate-mapping PUBLIC
        "-//Hibernate/Hibernate Mapping DTD 3.0//EN"
        "http://www.hibernate.org/dtd/hibernate-mapping-3.0.dtd">
<hibernate-mapping>
	<class name="cn.sxt.vo.teacher.Cluss" table="t_class">
		<id name="id" column="id">
			<generator class="native"/>
			
		</id>
		<property name="name"/>
		<!-- 一对多 -->
		<set name="students" inverse="true">
			<key column="clussId"></key>
			<one-to-many class="cn.sxt.vo.student.Student"/>
		</set>
	</class>
</hibernate-mapping>
