<?xml version="1.0"?>
<!DOCTYPE hibernate-mapping PUBLIC 
	"-//Hibernate/Hibernate Mapping DTD 3.0//EN"
	"http://www.hibernate.org/dtd/hibernate-mapping-3.0.dtd">

<hibernate-mapping>
	<class name="cn.sxt.vo.teacher.Question" table="t_question">
		<id name="id" column="id">
			<generator class="native"></generator>
		</id>
		<property name="title"></property>
		<property name="optiona"></property>
		<property name="optionb"></property>
		<property name="optionc"></property>
		<property name="optiond"></property>
		<property name="answer"></property>
		<property name="degree"></property>
		<property name="createTime"></property>
		<many-to-one name="subject" column="subjectId"></many-to-one>
		<many-to-one name="teacher" column="teacherId"></many-to-one>
	</class>
	
</hibernate-mapping>

