<?xml version="1.0"?>
<!DOCTYPE hibernate-mapping PUBLIC 
	"-//Hibernate/Hibernate Mapping DTD 3.0//EN"
	"http://www.hibernate.org/dtd/hibernate-mapping-3.0.dtd">

<hibernate-mapping>
	<class name="cn.sxt.vo.teacher.Teacher" table="t_teacher">
		<id name="id" column="id">
			<generator class="native"></generator>
		</id>
		<property name="pwd"></property>
		<property name="sex"></property>
		<property name="workNo"></property>
		<property name="name"></property>
		
	</class>
	
</hibernate-mapping>

