<?xml version="1.0"?>
<!DOCTYPE hibernate-mapping PUBLIC
        "-//Hibernate/Hibernate Mapping DTD 3.0//EN"
        "http://www.hibernate.org/dtd/hibernate-mapping-3.0.dtd">
<hibernate-mapping>
	<class name="cn.sxt.vo.teacher.Weight" table="t_weight">
		<id name="id" column="id">
			<generator class="native"/>
		</id>
		<!-- 多对一 -->
		<many-to-one name="subject" column="subjectId" />
		<many-to-one name="cluss" column="clussId" />
		<property name="easy"/>
		<property name="middle"/>
		<property name="hard"/>
		<property name="score"/>
		<property name="totalCount"/>
		<property name="timeLength"/>
		<property name="examTime"/>
	</class>
</hibernate-mapping>
