<?xml version="1.0" encoding="UTF-8"?>
<!--
  Copyright 2002-2005 The Apache Software Foundation or its licensors,
  as applicable.

  Licensed under the Apache License, Version 2.0 (the "License");
  you may not use this file except in compliance with the License.
  You may obtain a copy of the License at

      http://www.apache.org/licenses/LICENSE-2.0

  Unless required by applicable law or agreed to in writing, software
  distributed under the License is distributed on an "AS IS" BASIS,
  WITHOUT WARRANTIES OR CONDITIONS OF ANY KIND, either express or implied.
  See the License for the specific language governing permissions and
  limitations under the License.
-->
<!DOCTYPE document PUBLIC "-//APACHE//DTD Documentation V2.0//EN"
"http://forrest.apache.org/dtd/document-v20.dtd">
<document>
    <header>
        <title>Log4js - Comitter</title>
    <authors>
      <person email="stritti@users.berlios.de" id="ssr"
              name="Stephan Strittmatter" />
    </authors>
   <meta name="robots">ALL</meta>
  <meta name="description">Log4js - Committer</meta>
  <meta name="keywords">log4js, logging, javascript, committer</meta>    
    </header>

    <body>
        <section id="community">
        <title>Community</title>
        <p>Eyerybody is welcome to support Log4js. Do not hesitate to contact us.</p>
        <section id="active">
            <title>Active Committers</title>
            <ul>
                <li>
                    <strong>[ssr] - Stephan Strittmatter</strong> <a href="http://www.jroller.com/page/stritti">[Blog]</a>
                </li>
                <li>
                    <strong>[sce] - Seth Chisamore</strong>
                </li>
            </ul>
        </section>
      </section>
    </body>
</document>