<?xml version="1.0" encoding="UTF-8"?>
<!--
  Copyright 2002-2004 The Apache Software Foundation or its licensors,
  as applicable.

  Licensed under the Apache License, Version 2.0 (the "License");
  you may not use this file except in compliance with the License.
  You may obtain a copy of the License at

      http://www.apache.org/licenses/LICENSE-2.0

  Unless required by applicable law or agreed to in writing, software
  distributed under the License is distributed on an "AS IS" BASIS,
  WITHOUT WARRANTIES OR CONDITIONS OF ANY KIND, either express or implied.
  See the License for the specific language governing permissions and
  limitations under the License.
-->
<!DOCTYPE document PUBLIC "-//APACHE//DTD Documentation V2.0//EN"
"http://forrest.apache.org/dtd/document-v20.dtd">
<document>
  <header>
    <title>Log4js - Credits</title>
    <authors>
      <person email="stritti@users.berlios.de" id="ssr"
              name="Stephan Strittmatter" />
    </authors>
   <meta name="robots">ALL</meta>
  <meta name="description">Log4js - Credits</meta>
  <meta name="keywords">log4js, logging, javascript, credits</meta>
  
  </header>

  <body>
    <section id="credits">
      <title>Credits</title>

      <p>Special thanks to all who helped to improve log4js. Here a list of
      	people supported us:</p>
      <ul>
      	<li><a href="http://www.sven-space.de">Sven.Space</a>: 
      		The nice logo of log4js.</li>
      	<li><a href="http://zer0.free.fr/blog/index.php/">Sébastien Lecacheur</a>: 
      		Some documentations.</li>
      	<li><a href="http://www.javablog.com/pages/ben.html">Ben Simpson</a>: 
      		Improvements in english docs.</li>
      	<li><a href="http://www.devspace.com">Christian Gross</a>: 
      	    Found the sources to be good enought to be used
      		in his book "Ajax Patterns and Best Practices"</li>
      	<li><a href="http://www.idealx.com">Nicolas Justin and Gregory Kokanosky</a>:
      	     patched FileAppender to support now also Mozilla Browser. 
             Many thanks for this patch.</li>
      </ul>
    </section>
  </body>
</document>