<?xml version="1.0" encoding="UTF-8"?>
<!--
  Copyright 2002-2004 The Apache Software Foundation or its licensors,
  as applicable.

  Licensed under the Apache License, Version 2.0 (the "License");
  you may not use this file except in compliance with the License.
  You may obtain a copy of the License at

      http://www.apache.org/licenses/LICENSE-2.0

  Unless required by applicable law or agreed to in writing, software
  distributed under the License is distributed on an "AS IS" BASIS,
  WITHOUT WARRANTIES OR CONDITIONS OF ANY KIND, either express or implied.
  See the License for the specific language governing permissions and
  limitations under the License.
-->
<!DOCTYPE document PUBLIC "-//APACHE//DTD Documentation V2.0//EN" 
    "http://forrest.apache.org/dtd/document-v20.dtd">
<document>
    <header>
        <title>Log4js - The Logging Framework for JavaScript</title>
        <authors>
            <person email="stritti@users.berlios.de" id="ssr" 
                name="Stephan Strittmatter" />
        </authors>
        <meta name="robots">ALL</meta>
        <meta name="description">Log4js - The Logging Framework for JavaScript</meta>
        <meta name="keywords">log4js, logging, javascript, ajax</meta>

    </header>
    <body xml:lang="en">
        <section id="overview">
            <title>Overview</title>
            <p><em>Log4js</em> is a logging framework for JavaScript. The main goal 
            	is to have a robust and solid logging API which is very simmilar to the 
                Java logging framework <a href="ext:log4j.apache.org">Log4j</a>.</p>
        </section>
        <section id="toLog">
            <title>Severals ways to log</title>
            <p>The current available Appenders are:</p>
            <ul>
                <li>WindowAppender: open a new window in the browser and insert 
                    log messages in real time.</li>
                <li>WindowsEventAppender: send log messages in the MS Windows 
                    event manager.</li>
                <li>FileAppender: write log messages in a local file on the 
                    client.</li>
                <li>AjaxAppender: allow to send log messages to the server 
                    with asynchronous HTTP request. There you can process 
                    the logging events like you want on server side
                    (ASP.NET, Java Servlet, JSP, PHP, Ruby, etc.).<br />
					There is also a servlet for receiving these events tolog by 
					Log4j or Java logging in the download section.</li>
                <li>MetatagAppender: add log messages as meta data.</li>
            </ul>
            <p>Many Appender can be used in same time.</p>
        </section>
        <section id="usage">
            <title>Usage</title>
            <p><em>Log4js</em> is a simple API, which could be included in your 
                scripts:</p>
            <source id="code"> 
            &lt;script src="log4js.js" type="text/javascript"&gt;&lt;/script&gt; 
            &lt;script type="text/javascript"&gt; 
            &lt;!-- // 
            //initialize the logger  with your category 
            var logger = Log4js.getLogger("ajaxTest"); 
            //set the level of logging 
            logger.setLevel(Log4js.Level.ALL); 
            //set the Appender to write the log to 
            logger.addAppender(new AjaxAppender("./log4j.jsp")); 
            // --&gt; &lt;/script&gt; 
            </source>
            <p>Now you can call the log in your logic like follow line:</p>
            <source> 
            	&lt;input type="button" name="trace" value="Trace" 
                	onclick="logger.trace('I was traced!');return false;" /&gt; 
            </source>
            <p>For more details have a look at the 
            	<a href="docu/users-guide.html">users guide</a>.</p>
        </section>

        <section id="browser">
	      <title>Browser Compatibility</title>
			<p>
				<em>Log4js</em> is compatible with almost all current browsers. Some browser could not be tested
				because of missing hardware (e.g. Mac).
			</p>
	      <table >
	      	<caption>Browser Compatibility Matrix</caption>
	      	<tr><th>Browser</th>                    <th>Version</th>          <th>Platform</th>        <th>Compatibility</th>       <th>Note</th></tr>
	      	
	      	<tr><th>KDE Konqueror</th>              <td>3.5.2</td>            <td>Linux KDE</td>       <td>full compatible</td>     <td>Some Appenders are browser specific and do not work on Konqueror.</td></tr>
	      	<tr><th>Microsoft Internet Explorer</th><td>5, 6, 7</td>          <td>Windows</td>         <td>full compatible</td>     <td>Some Appenders are browser specific and do not work on IE. Some Appenders are IE specific.</td></tr>
	      	<tr><th>Mozilla FireFox</th>            <td>1, 2, 3</td>          <td>Windows</td>         <td>full compatible</td>     <td>Some Appenders are browser specific and do not work on FireFox.</td></tr>
	      	<tr><th>Mozilla FireFox</th>            <td>1</td>                <td>Linux</td>           <td>full compatible</td>     <td>Some Appenders are browser specific and do not work on FireFox.</td></tr>
	      	<tr><th>Opera</th>                      <td>8, 9</td>             <td>Windows</td>         <td>full compatible</td>     <td>Some Appenders are browser specific and do not work on Opera.</td></tr>
	      	<tr><th>Safari</th>                     <td>?</td>                <td>Mac OS</td>          <td>open</td>                <td>Currently no platform available for testing.</td></tr>
	      </table>
	    </section>
	    
        <section id="architecture">
            <title>Architecture</title>
            <p>The architecture is very close to log4j's architecture. There 
                are only three main objects:</p>
            <ol>
                <li>The static Logger,</li>
                <li>an Appender and</li>
                <li>a specific Layout.</li>
            </ol>
            <p>Appenders and Layouts are exchangeable and have only to fullfill 
                the interfaces.</p>
            <p>
                <img alt="Architecture of Log4js" src="architecture.png" />
            </p>
        </section>

        <section id="conclution">
            <title>Conclusion</title>
            <p>There are <a href="links.html#other">other libraries</a> in 
                order to reach this goal. We are discussing with the authors of 
                other logging APIs in order to gather their efforts and 
                provide a common framework - if possible.</p>
            <p><em>Log4js</em> is very simple to install and use.</p>
        </section>
    </body>
</document>