<?xml version="1.0" encoding="UTF-8"?>
<!--
  Copyright 2002-2005 The Apache Software Foundation or its licensors,
  as applicable.

  Licensed under the Apache License, Version 2.0 (the "License");
  you may not use this file except in compliance with the License.
  You may obtain a copy of the License at

      http://www.apache.org/licenses/LICENSE-2.0

  Unless required by applicable law or agreed to in writing, software
  distributed under the License is distributed on an "AS IS" BASIS,
  WITHOUT WARRANTIES OR CONDITIONS OF ANY KIND, either express or implied.
  See the License for the specific language governing permissions and
  limitations under the License.
-->
<!DOCTYPE document PUBLIC "-//APACHE//DTD Documentation V2.0//EN"
"http://forrest.apache.org/dtd/document-v20.dtd">
<document>
    <header>
        <title>Log4js - Related Links</title>
    <authors>
      <person email="stritti@users.berlios.de" id="ssr"  name="Stephan Strittmatter" />
    </authors>
    
    <meta name="robots">ALL</meta>
    <meta name="description">Related Links of Log4js</meta>
    <meta name="keywords">log4js, logging, javascript, ajax, related links</meta>
    
    </header>

    <body>
        <section id="links">
	        <title>Related Links</title>
            <p>Here you can find some related links to JavaScript and especially 
                logging and this project.
            </p>
            
	        <section id="development">
	            <title>Tools used for development in this project</title>
	            <ul>
	                <li>ANT as build tool: 
	                    <a href="http://ant.apache.org">http://ant.apache.org</a>.</li>
	                <li>JSlint - The JavaScript Verifier: 
	                	<a href="http://www.crockford.com/jslint/lint.html">http://www.crockford.com/jslint/lint.html</a>.</li>
	               	<li>ASF Bug entry for integrating log4js in Apache logging service: 
	            		<a href="http://issues.apache.org/bugzilla/show_bug.cgi?id=36961">http://issues.apache.org/bugzilla/show_bug.cgi?id=36961</a>.</li>
	            </ul>
	        </section>

	        <section id="test">
	            <title>Tools used for testing</title>
					<note>These tools are not used yet. They are just to remind.</note>
	            <ul>
	                <li>JSUnit for Unit testing: 
	                	<a href="http://www.edwardh.com/jsunit/">http://www.edwardh.com/jsunit/</a></li>
	                <li>JSTester JS testing using Javas JUnit framework and JS-script engine Rhino:
	                  <a href="http://jstester.sourceforge.net/">http://jstester.sourceforge.net/</a></li>
	                <li>Selenium is a test tool for web applications: 
	                	<a href="http://www.openqa.org/selenium/index.html">http://www.openqa.org/selenium/index.html</a></li>
	            </ul>
	        </section>

	        <section id="documentation">
	            <title>Tools used for Documentation</title>
	            <ul>
	                <li>Forrest for generating web site: 
	                	<a href="http://forrest.apache.org">http://forrest.apache.org</a></li>
	                <li>JSDoc for API documentation: 
	                	<a href="http://www.anvilon.com/software/jsjam/">http://www.anvilon.com/software/jsjam/</a></li>
	            </ul>
	        </section>

	        <section id="otherProjects">
	            <title>Other JavaScript Logging Projects</title>
	            <p>There are a lot other projects which are started logging in JavaScript:</p>
	            <ul>
	               <li>Fourspaces Log4js: 
	               	<a href="http://log4js.sourceforge.net/">http://log4js.sourceforge.net/</a></li>
	               <li>Lumberjack: 
	               	<a href="http://gleepglop.com/javascripts/logger/">http://gleepglop.com/javascripts/logger/</a></li>
	               <li>fvlogger: 
	               	<a href="http://www.alistapart.com/articles/jslogging">http://www.alistapart.com/articles/jslogging</a></li>
	               <li>jslib: 
							<a href="http://www.petrusrex.com/Programmes/jslib.htm">http://www.petrusrex.com/Programmes/jslib.htm</a></li>
	               <li>jsTrace: 
							<a href="http://www.easy-designs.net/code/jsTrace/">http://www.easy-designs.net/code/jsTrace/</a></li>
	               <li>Logger: 
							<a href="http://insin.woaf.net/code/javascript/logger.html">http://insin.woaf.net/code/javascript/logger.html</a></li>
	               <li>Dan Allen's Scriptsandbox jsError and Logger.js: 
							<a href="http://mojavelinux.com/wiki/doku.php?id=scriptsandbox#jserror.js__jserror.php">http://mojavelinux.com/wiki/doku.php?id=scriptsandbox#jserror.js__jserror.php</a><br />
							Dan Allen also wrote the first ideas of MetaTagLogging which are influenced MetatagAppender:
							<a href="http://www.mojavelinux.com/blog/archives/2005/01/javascript_logging_via_meta/index.php">http://www.mojavelinux.com/blog/archives/2005/01/javascript_logging_via_meta/index.php</a>.</li>
					<li>Eric Spiegelberg's Log4Ajax: 
							<a href="http://log4ajax.sourceforge.net/">http://log4ajax.sourceforge.net/</a> and associated article: 
							<a href="http://today.java.net/pub/a/today/2005/12/13/log4ajax.html">http://today.java.net/pub/a/today/2005/12/13/log4ajax.html</a>.</li>
					<li>Andre's JSLog: <a href="http://www.earthcode.com/ajax/2005/12/jslog.html">http://www.earthcode.com/ajax/2005/12/jslog.html</a>.</li>
					<li>Tim Down's log4javascript: <a href="http://log4javascript.sourceforge.net">http://log4javascript.sourceforge.net</a> 
							which is very simmilar to this project.</li>
					<li><a href="http://code.google.com/p/blackbirdjs/">Blackbirdjs</a></li>
				</ul>
            </section>
            
	        <section id="other">
	            <title>Other Logging related Links</title>
	            <ul>
	            	<li>General logging services for several languages: 
	            		<a href="http://logging.apache.org/">logging.apache.org</a></li>					
	               <li>AJAX Testing and Logging: 
					<a href="http://www.decafbad.com/blog/2005/07/18/ajax_testing_and_logging">http://www.decafbad.com/blog/2005/07/18/ajax_testing_and_logging</a>.</li>
	               <li>AJAX Patterns: 
					<a href="http://ajaxpatterns.org/Logging">http://ajaxpatterns.org/Logging</a>.</li>
	               <li>XML.com: Erros and AJAX: 
					<a href="http://www.xml.com/pub/a/2005/05/11/ajax-error.html">http://www.xml.com/pub/a/2005/05/11/ajax-error.html</a>.</li>
	            </ul>
	        </section>
        </section>
    </body>
</document>