<?xml version="1.0" encoding="UTF-8"?>
<!--
  Copyright 2002-2004 The Apache Software Foundation or its licensors,
  as applicable.

  Licensed under the Apache License, Version 2.0 (the "License");
  you may not use this file except in compliance with the License.
  You may obtain a copy of the License at

      http://www.apache.org/licenses/LICENSE-2.0

  Unless required by applicable law or agreed to in writing, software
  distributed under the License is distributed on an "AS IS" BASIS,
  WITHOUT WARRANTIES OR CONDITIONS OF ANY KIND, either express or implied.
  See the License for the specific language governing permissions and
  limitations under the License.
-->
<!--
Log4js site.xml

This file contains an outline of the site's information content.  It is used to:
- Generate the website menus (though these can be overridden - see docs)
- Provide semantic, location-independent aliases for internal 'site:' URIs, eg
  <link href="site:changes"> links to changes.html (or ../changes.html if in
  subdir).
- Provide aliases for external URLs in the external-refs section.  Eg, <link
  href="ext:cocoon"> links to http://cocoon.apache.org/

See http://forrest.apache.org/docs/linking.html for more info
-->
<site label="Log4js" href="" tab=""
    xmlns="http://apache.org/forrest/linkmap/1.0"
    xmlns:ns="http://apache.org/forrest/linkmap/1.0">

	<about label="About">
		<index label="Index" description="Welcome to Log4js" href="index.html" 
			wholesite="true" />
		<examples label="Examples" description="Examples of Log4js" 
			href="examples.html" />
		<license label="License" description="License" 
			href="license.html" />
		<downloads label="Downloads" href="ext:log4js/downloads" />
		<changes label="Changes" href="changes.html" wholesite="true" />
		<todo label="Todos" href="todo.html" wholesite="true" />
		<committer label="Committer" description="Hall of Fame" 
			href="committer.html" wholesite="true" />
		<credits label="Credits" description="Credits" 
			href="credits.html" wholesite="true" />
		<links label="Links" description="Further Information" 
			href="links.html" wholesite="true" />
		<!--<whole_pdftab label="Tab as PDF" href="pdf-tab.pdf" />-->
<!--
		<all_site label="Full HTML" href="wholesite.html"/>    
    	<all_sitePDF label="Full PDF" href="wholesite.pdf"/> 
-->
	</about>

    <docu label="Documentation" href="docu/" tab="docu">
      <index label="Users Guide" description="The Log4js Users Guide" 
          href="users-guide.html"	wholesite="true" />
	  <faq label="FAQ" description="Frequently Asked Questions" 
			href="faq.html" wholesite="true" />
	  <wiki label="Wiki" description="Wiki of project"
		   href="ext:log4js/wiki" />          
      <javadocs label="API Documentation" 
          description="Documentation of API" 
          href="ext:log4js/apidocs"/>
      <!--<whole_pdftab label="Tab as PDF" href="pdf-tab.pdf" />-->
    </docu>
    
    <project label="Project" href="project/" tab="project">
      <index description="Welcome to Log4js" href="index.html" label="Index" />
      
      <viewsvn label="SVN Repository" description="Subversion Repository" 
          href="viewsvn.html"/>
      <mailinglist label="Mailing Lists" description="Mailing Lists for Log4js" 
          href="mailinglists.html"/>
      <issuetracker label="Issue Tracker" description="Issue Tracker of Log4js" 
          href="ext:log4js/issuetracker" />
      <berlios label="BerliOS Hosting" description="Hosting of Project at BerliOS" 
          href="ext:log4js/develop"/>
     </project>

    <files>
<!--
    <hello_print href="hello.pdf" />
    <test1 href="test1.html" />
-->
    </files>
<!--
  The href must be wholesite.html/pdf  You can change the labels and node names
-->
<!--
  <all label="All">
    <whole_site_html label="Whole Site HTML" href="wholesite.html"/>
    <whole_site_pdf label="Whole Site PDF" href="wholesite.pdf"/>
  </all>
-->
	<external-refs>
		<log4js href="http://stritti.github.io/log4js/">
			<develop href="http://developer.berlios.de/projects/log4js/" />
			<downloads 
				href="http://developer.berlios.de/project/showfiles.php?group_id=5368" 
				/>
			<apidocs href="http://stritti.github.io/log4js//apidocs/index.html" />
			<svn href="http://developer.berlios.de/svn/&amp;group_id=5368" />
			<svnhowto 
				href="http://developer.berlios.de/docman/display_doc.php?docid=394&amp;group_id=2" 
				/>
			<license href="http://www.apache.org/licenses/LICENSE-2.0.txt" />
			<wiki href="http://scratchpad.wikia.com/wiki/Log4js" />
			<issuetracker href="http://developer.berlios.de/bugs/?group_id=5368" />
		</log4js>
		<logging.apache.org href="http://logging.apache.org" />
		<log4j.apache.org href="http://logging.apache.org/log4j" />
		<apache.license href="http://www.apache.org/licenses/" />
		<forrest href="http://forrest.apache.org/">
			<linking href="docs/linking.html" />
			<validation href="docs/validation.html" />
			<webapp href="docs/your-project.html#webapp" />
			<dtd-docs href="docs/dtd-docs.html" />
		</forrest>
	</external-refs>
</site>