<?xml version="1.0"?>
<!DOCTYPE hibernate-mapping PUBLIC
        "-//Hibernate/Hibernate Mapping DTD 3.0//EN"
        "http://www.hibernate.org/dtd/hibernate-mapping-3.0.dtd">
<hibernate-mapping>
	<class name="cn.sxt.vo.student.Record" table="t_record">
		<id name="id" column="id">
			<generator class="native"/>
		</id>
		<property name="score"/>
		<property name="createTime"/>
		<!-- 多对一的配置 -->
		<many-to-one name="student" column="stuId" fetch="join"/>
		<many-to-one name="subject" column="subjectId" fetch="join"/>
	</class>
	
</hibernate-mapping>
