<?xml version="1.0"?>
<!DOCTYPE hibernate-mapping PUBLIC
        "-//Hibernate/Hibernate Mapping DTD 3.0//EN"
        "http://www.hibernate.org/dtd/hibernate-mapping-3.0.dtd">
<hibernate-mapping>
	<class name="cn.sxt.vo.student.RecordDetail" table="t_record_detail">
		<id name="id" column="id">
			<generator class="native"/>
		</id>
		<property name="answer"/>
		<!-- 多对一的配置 -->
		<many-to-one name="record" column="recordId"/>
		<many-to-one name="question" column="questionId"/>
	</class>
	
</hibernate-mapping>
