<?xml version="1.0"?>
<!DOCTYPE hibernate-mapping PUBLIC
        "-//Hibernate/Hibernate Mapping DTD 3.0//EN"
        "http://www.hibernate.org/dtd/hibernate-mapping-3.0.dtd">
<hibernate-mapping>
	<class name="cn.sxt.vo.student.Student" table="t_student">
		<id name="id" column="id">
			<generator class="native"/>
		</id>
		<property name="stuNo"/>
		<property name="name"/>
		<property name="pwd"/>
		<property name="sex"/>
		<!-- 多对一的配置 -->
		<many-to-one name="cluss" column="clussId" fetch="join"/>
	</class>
	<!-- hql语句 -->
	<query name="queryAll">
		<![CDATA[
		from Student where cluss.id<2
		]]>
	</query>
	
</hibernate-mapping>
