<?xml version='1.0' encoding='utf-8'?>
<!DOCTYPE hibernate-configuration PUBLIC
        "-//Hibernate/Hibernate Configuration DTD 3.0//EN"
        "http://www.hibernate.org/dtd/hibernate-configuration-3.0.dtd">

<hibernate-configuration>

    <session-factory>

        <!-- Database connection settings -->
        <property name="connection.driver_class">com.mysql.jdbc.Driver</property>
        <property name="connection.url">jdbc:mysql://127.0.0.1:3306/imooc</property>
        <property name="connection.username">root</property>
        <property name="connection.password">123456</property>

        <!-- SQL dialect -->
        <property name="dialect">org.hibernate.dialect.MySQLDialect</property>
   
        <!-- Echo all executed SQL to stdout -->
        <property name="show_sql">true</property>
		
		<mapping class="com.imooc.page.model.Student"/>
    </session-factory>

</hibernate-configuration>