<!DOCTYPE hibernate-configuration PUBLIC
        "-//Hibernate/Hibernate Configuration DTD 3.0//EN"
        "http://www.hibernate.org/dtd/hibernate-configuration-3.0.dtd">

<hibernate-configuration>
    <session-factory>
        <!-- 鍩烘湰閰嶇疆淇℃伅 -->
        <property name="connection.driver_class">com.mysql.jdbc.Driver</property>
        <property name="connection.url">jdbc:mysql://localhost:3306/exam</property>
        <property name="connection.username">root</property>
        <property name="connection.password">123456</property>
        <!-- 鏂硅█ -->
        <property name="dialect">org.hibernate.dialect.MySQLDialect</property>
    	<mapping resource="cn/sxt/vo/teacher/Cluss.hbm.xml"/>
    	<mapping resource="cn/sxt/vo/teacher/Subject.hbm.xml"/>
    	<mapping resource="cn/sxt/vo/teacher/Teacher.hbm.xml"/>
    	<mapping resource="cn/sxt/vo/teacher/Question.hbm.xml"/>
    	<mapping resource="cn/sxt/vo/teacher/Weight.hbm.xml"/>
    	<mapping resource="cn/sxt/vo/student/Student.hbm.xml"/>
    	<mapping resource="cn/sxt/vo/student/Record.hbm.xml"/>
    	<mapping resource="cn/sxt/vo/student/RecordDetail.hbm.xml"/>
    	<mapping resource="cn/sxt/vo/system/Temp.hbm.xml"/>
    </session-factory>
</hibernate-configuration>