<?xml version="1.0" encoding="UTF-8" ?>
<!DOCTYPE struts PUBLIC
    "-//Apache Software Foundation//DTD Struts Configuration 2.3//EN"
    "http://struts.apache.org/dtds/struts-2.3.dtd">
<struts>
	<constant name="struts.i18n.encoding" value="utf-8"/>
	<constant name="struts.devMode" value="true"/>
	<include file="config/struts/teacher/teacher.xml"/>
	<include file="config/struts/teacher/subject.xml"/>
	<include file="config/struts/teacher/cluss.xml"/>
	<include file="config/struts/teacher/question.xml"/>
	<include file="config/struts/teacher/weight.xml"/>
	<include file="config/struts/teacher/record.xml"/>
	<include file="config/struts/student/student.xml"/>
	<include file="config/struts/student/exam.xml"/>
	<include file="config/struts/student/record.xml"/>
	<package name="default" namespace="/" extends="struts-default">
		<action name="login" class="cn.sxt.action.system.LoginAction" method="login">
			<result name="tlogin" type="redirect">teacher/question/list.action</result>
			<result name="slogin" type="redirect">student/record/list.action</result>
			<result name="login">/index.jsp</result>
			<result>/jsp/student/paper.jsp</result>
		</action>
	</package>
</struts>