<?xml version="1.0" encoding="UTF-8" ?>
<!DOCTYPE struts PUBLIC
    "-//Apache Software Foundation//DTD Struts Configuration 2.3//EN"
    "http://struts.apache.org/dtds/struts-2.3.dtd">
<struts>
	<package name="recordTeacher" namespace="/teacher/record" extends="struts-default">
		
		<action name="toRecord" class="cn.sxt.action.student.RecordAction" method="toRecord">
			<result>/jsp/teacher/record.jsp</result>
		</action>
		<action name="query" class="cn.sxt.action.student.RecordAction" method="query">
			<result>/jsp/teacher/record.jsp</result>
		</action>
	</package>
</struts>