<?xml version="1.0" encoding="UTF-8" ?>
<!DOCTYPE struts PUBLIC
    "-//Apache Software Foundation//DTD Struts Configuration 2.3//EN"
    "http://struts.apache.org/dtds/struts-2.3.dtd">
<struts>
	<package name="subject" namespace="/teacher/subject" extends="struts-default">
		<!-- <action name="list" class="cn.sxt.action.teacher.ClussAction" method="list">
			<result>/jsp/teacher/list_cluss.jsp</result>
		</action>
		<action name="delete" class="cn.sxt.action.teacher.ClussAction" method="delete">
			<result name="list" type="redirectAction">list</result>
		</action> -->
		<action name="*" class="cn.sxt.action.teacher.SubjectAction" method="{1}">
			<result>/jsp/teacher/list_subject.jsp</result>
			<result name="list" type="redirectAction">list</result>
			<result name="toAdd">/jsp/teacher/add_subject.jsp</result>
			<result name="selectOne">/jsp/teacher/edit_subject.jsp</result>
			<result name="error">/jsp/common/error.jsp</result>
		</action>
	</package>
</struts>