<?xml version="1.0" encoding="UTF-8" ?>
<!DOCTYPE struts PUBLIC
    "-//Apache Software Foundation//DTD Struts Configuration 2.3//EN"
    "http://struts.apache.org/dtds/struts-2.3.dtd">
<struts>
	<package name="weight" namespace="/teacher/weight" extends="struts-default">
		<action name="*" class="cn.sxt.action.teacher.WeightAction" method="{1}">
			<result>/jsp/teacher/list_weight.jsp</result>
			<result name="list" type="redirectAction">list</result>
			<result name="toAdd">/jsp/teacher/add_weight.jsp</result>
			<result name="selectOne">/jsp/teacher/edit_weight.jsp</result>
			<result name="error">/jsp/common/error.jsp</result>
		</action>
	</package>
</struts>