<?xml version="1.0" encoding="UTF-8"?>
<beans xmlns="http://www.springframework.org/schema/beans"
    xmlns:xsi="http://www.w3.org/2001/XMLSchema-instance"
    xmlns:aop="http://www.springframework.org/schema/aop"
    xsi:schemaLocation="http://www.springframework.org/schema/beans 
        http://www.springframework.org/schema/beans/spring-beans.xsd  
        http://www.springframework.org/schema/aop 
        http://www.springframework.org/schema/aop/spring-aop-4.0.xsd">

	<bean id="moocAspect" class="com.imooc.aop.schema.advice.MoocAspect"></bean>
	
	<bean id="aspectBiz" class="com.imooc.aop.schema.advice.biz.AspectBiz"></bean>
	
	<aop:config>
		<aop:aspect id="moocAspectAOP" ref="moocAspect">
<!-- 			<aop:pointcut expression="execution(* com.imooc.aop.schema.advice.biz.*Biz.*(..))" id="moocPiontcut"/> -->
<!-- 			<aop:before method="before" pointcut-ref="moocPiontcut"/> -->
<!-- 			<aop:after-returning method="afterReturning" pointcut-ref="moocPiontcut"/> -->
<!-- 			<aop:after-throwing method="afterThrowing" pointcut-ref="moocPiontcut"/> -->
<!-- 			<aop:after method="after" pointcut-ref="moocPiontcut"/> -->
<!-- 			<aop:around method="around" pointcut-ref="moocPiontcut"/> -->
			
<!-- 			<aop:around method="aroundInit" pointcut="execution(* com.imooc.aop.schema.advice.biz.AspectBiz.init(String, int))  -->
<!-- 							and args(bizName, times)"/> -->

				<aop:declare-parents types-matching="com.imooc.aop.schema.advice.biz.*(+)" 
							implement-interface="com.imooc.aop.schema.advice.Fit"
							default-impl="com.imooc.aop.schema.advice.FitImpl"/>
		</aop:aspect>
	</aop:config>

 </beans>
