<?xml version="1.0" encoding="utf-8" ?>
<dwsync>
<file name="glyphicons-halflings-regular.eot" server="140.137.12.156" local="130750560338664882" remote="130749660000000000" Dst="0" />
<file name="glyphicons-halflings-regular.svg" server="140.137.12.156" local="130750560339714953" remote="130749660000000000" Dst="0" />
<file name="glyphicons-halflings-regular.ttf" server="140.137.12.156" local="130750560339714953" remote="130749660000000000" Dst="0" />
<file name="glyphicons-halflings-regular.woff" server="140.137.12.156" local="130750560340164987" remote="130749660000000000" Dst="0" />
<file name="glyphicons-halflings-regular.woff2" server="140.137.12.156" local="130750560340164987" remote="130749660000000000" Dst="0" />
<file name="glyphicons-halflings-regular.eot" server="C:/AppServ/www/myhtml/" local="130750560338664882" remote="130750560330000000" Dst="0" />
<file name="glyphicons-halflings-regular.woff2" server="C:/AppServ/www/myhtml/" local="130750560340164987" remote="130750560340000000" Dst="0" />
<file name="glyphicons-halflings-regular.woff" server="C:/AppServ/www/myhtml/" local="130750560340164987" remote="130750560340000000" Dst="0" />
<file name="glyphicons-halflings-regular.ttf" server="C:/AppServ/www/myhtml/" local="130750560339714953" remote="130750560330000000" Dst="0" />
</dwsync>