<?xml version="1.0" encoding="UTF-8" ?>
<!DOCTYPE struts PUBLIC
	"-//Apache Software Foundation//DTD Struts Configuration 2.3//EN"
	"http://struts.apache.org/dtds/struts-2.3.dtd">

<struts>
   <package name="default" extends="struts-portlet-default" namespace="/view">
	   <action name="index" class="${package}.HelloAction">
		   <result>/WEB-INF/jsp/view/index.jsp</result>
	   </action>
   </package>
	
	<package name="edit" extends="struts-portlet-default" namespace="/edit">
	
		<action name="index" class="${package}.UpdateNameAction">
			<result type="redirectAction">
				<param name="actionName">index</param>
				<param name="portletMode">view</param>
			</result>
			<result name="input">/WEB-INF/jsp/edit/index.jsp</result>
		</action>
	</package>
</struts>
