<?xml version="1.0" encoding="UTF-8"?>

<!--
  Copyright 2002-2005 The Apache Software Foundation or its licensors,
  as applicable.

  Licensed under the Apache License, Version 2.0 (the "License");
  you may not use this file except in compliance with the License.
  You may obtain a copy of the License at

      http://www.apache.org/licenses/LICENSE-2.0

  Unless required by applicable law or agreed to in writing, software
  distributed under the License is distributed on an "AS IS" BASIS,
  WITHOUT WARRANTIES OR CONDITIONS OF ANY KIND, either express or implied.
  See the License for the specific language governing permissions and
  limitations under the License.
-->
<feed 
  xmlns="http://www.w3.org/2005/Atom"
  xmlns:doap="http://usefulinc.com/ns/doap#"
  xmlns:foaf="http://xmlns.com/foaf/0.1/" 
  xmlns:rdf="http://www.w3.org/1999/02/22-rdf-syntax-ns#">

  <title type="text">Log4js</title>
  <author>
    <name>Log4js</name>
    <uri>http://stritti.github.io/log4js/</uri>
  </author>

  <updated>2005-08-09T23:06:00Z</updated>
  <id>tag:apache.org:forrest</id>

  <link 
    rel="alternate" 
    type="text/html" 
    hreflang="en" 
    href="http://stritti.github.io/log4js/"/>

  <entry>
    <title>Log4js</title>
    <id>tag:log4js:0.7</id>
    <updated>2005-08-09T23:06:00Z</updated>

    <content type="application/rdf+xml">
      <doap:Project>
        <doap:name>Log4js</doap:name>
        <doap:homepage rdf:resource="http://stritti.github.io/log4js/"/>
        <doap:created>2005-06-23</doap:created>

        <doap:description xml:lang="en">
          Log4js is a logging API for JavaScript. The main goal is to have 
          a robust and solid logging API which is very simmilar to the 
          Java logging API <a href="ext:log4j.apache.org">Log4j</a>.
        </doap:description>

        <doap:programming-language xml:lang="en">JavaScript</doap:programming-language>
        <doap:programming-language xml:lang="en">XML</doap:programming-language>

        <doap:license rdf:resource="http://www.apache.org/licenses/LICENSE-2.0.txt"/>

        <doap:download-page
          rdf:resource="http://developer.berlios.de/project/showfiles.php?group_id=5368"/>

        <doap:mailing-list
          rdf:resource="http://stritti.github.io/log4js//project/maillists.html"/>

        <doap:maintainer>
          <foaf:Person>
            <foaf:name>The Log4js Project</foaf:name>
            <foaf:homepage rdf:resource="http://stritti.github.io/log4js//comitter.html"/>
<!--            <foaf:mbox rdf:resource="mailto:dev@forrest.apache.org"/>-->
          </foaf:Person>
        </doap:maintainer>

        <doap:release>
          <doap:Version>
            <doap:revision>0.2</doap:revision>
            <doap:created>unreleased</doap:created>
          </doap:Version>
        </doap:release>
      </doap:Project>
    </content>
  </entry>  
</feed>
