{"data":[
	{
		"title":"《猫可以作证》读后感",
		"date_day":"24",
		"date_month":"三月",
		"brife":"猫可以作证，每一个真实的故事让我感受到了真正的悲伤和死亡，望你在看了我的读后感后，有好奇心去读...",
		"ill":"../img/cat.jpg",
		"article_link":"code/0320.html",
		"article_type":"读书",
		"article_create":"原创",
		"read_num":"0"
	},
	{
		"title":"北京，北京",
		"date_day":"10",
		"date_month":"二月",
		"brife":"北京，这个好像有磁力的城市，吸引着无数想要追梦的人们。我2015年毕业，机缘巧合和大多数同学一样选择了在北京打拼生活。没有原因选择这里，可能是因为不想一辈子都在我出生的地方呆着，或是因为不甘心这一生听从家人的安排，所以来到了这个城市...",
		"ill":"",
		"article_link":"diary/20160210.html",
		"article_type":"杂文",
		"article_create":"原创",
		"read_num":"0"
	},
	{
		"title":"故乡，我的故乡",
		"date_day":"05",
		"date_month":"二月",
		"brife":"昨晚收拾行李收拾到很晚，正在考虑我要带什么衣服，书，小物件回家，时间就不知不觉的溜走了。望着我床边的小灯，想到明天就能回家了，真的好开心，我便兴奋的睡不着觉，原来我长大了才知道那个小时候很想逃离的地方，是我现在求之不得想要不远万里赶回去的地方——故乡...",
		"ill":"",
		"article_link":"diary/20160205.html",
		"article_type":"杂文",
		"article_create":"原创",
		"read_num":"0"
	},
	{
		"title":"我对“微信新玩法”认真了",
		"date_day":"26",
		"date_month":"一月",
		"brife":"下午几时许记不清了，喝着刚打好的热水刷着朋友圈，刚进朋友圈，作为一个程序员不假思索的想着，这啥情况？微信出bug了？但是失去理智的后三秒...",
		"ill":"../img/71A45568-5164-4A96-9EE6-54334827298D.png",
		"article_link":"diary/20160126.html",
		"article_type":"杂文",
		"article_create":"原创",
		"read_num":"0"
	},
	{
		"title":"枕水之乡——乌镇",
		"date_day":"03",
		"date_month":"一月",
		"brife":"我们已经到了萧山机场，杭州之旅已经结束，想想明天还要上班，我遍两行热泪，欲罢不能。想到南航可口的餐食，我的口水都流下来了，我是应该剧透一下吗？短途的航空旅行的餐食是真的可以填饱肚子，但是是那种可以让你从肚子饿到肚子没了饿的感觉的临界点，确实真的直到临界点。到北京已经凌晨二点多了......",
		"ill":"../img/IMG_6073.jpg",
		"article_link":"diary/20160103.html",
		"article_type":"杂文",
		"article_create":"原创",
		"read_num":"0"
	},
	{
		"title":"疲惫的一天",
		"date_day":"02",
		"date_month":"一月",
		"brife":"每条大街小巷都有它独特的韵味，都有它想要珍藏的秘密，对，我还在杭州游玩，似乎时间没了那份匆忙，我们闲适的感受那份大自然赐予我们的风光。踩着运动鞋脚步似乎变的轻盈了许多，我们依然走着昨天走过的路，但是一切却是新的，新的一天，新的心情，新的我们……",
		"ill":"",
		"article_link":"diary/20160102.html",
		"article_type":"杂文",
		"article_create":"原创",
		"read_num":"0"
	},
	{
		"title":"First Day of 2016",
		"date_day":"01",
		"date_month":"一月",
		"brife":"好久没有早起了，我早已不知黎明的黑暗预示着希望的曙光即将到来，去杭州的旅行也如约而至般的到来了，清晨的早班地铁上没有太多的人，但是也足够将整个车厢的座位坐满，我不禁感概到，原来我本该享受到的温暖阳光和蝉鸣鸟叫被我的懒床所打破，帝都的清晨少了些喧闹和杂尘...",
		"ill":"",
		"article_link":"diary/FirstDayOf2016.html",
		"article_type":"杂文",
		"article_create":"原创",
		"read_num":"0"
	}
]}