{"data":[
		{
			"title":"如何解决Mac下nginx无法成功运行",
			"date":"2016-03-02",
			"brife":"今天在mac下“成功”启动nginx还是遇到了一些头疼的坑，下面针对遇到的问题总结了一些解决的方案",
			"article_link":"code/0314.html",
			"article_type":"nginx",
			"article_create":"原创"
		},
		{
			"title":"如何安装并简单搭建MongoDB?",
			"date":"2016-03-21",
			"brife":"快速安装并搭建mongDB的运行环境，并如何用node搭建属于自己的博客网站，里面讲的很很详细",
			"article_link":"code/0316.html",
			"article_type":"MongoDB",
			"article_create":"原创"
		},
		{
			"title":"node.js运行常见问题解决",
			"date":"2016-03-22",
			"brife":"在运行node.js中会遇到的部分问题在这里做了总结，希望能在帮助到你",
			"article_link":"code/0317.html",
			"article_type":"node.js",
			"article_create":"原创"
		},
		{
			"title":"问答网站——你知道多少？",
			"date":"2016-03-23",
			"brife":"本文总结了很多关于问答的网站，这些网站估计可以解答让你头疼的问题",
			"article_link":"code/0315.html",
			"article_type":"豆知识",
			"article_create":"原创"
		},
		{
			"title":"利用node.js express mongodb搭建一个简单的博客（一）",
			"date":"2016-03-20",
			"brife":"如何快速搭建个人博客，这是一个系列的技术文章，第一篇介绍了如何安装express",
			"article_link":"code/0318.html",
			"article_type":"express",
			"article_create":"原创"
		},
		{
			"title":"Javascript的隐式类型转换",
			"date":"2015-12-20",
			"brife":"js中隐式类型有几种类型？之间的转换又是怎样",
			"article_link":"code/0319.html",
			"article_type":"javascript",
			"article_create":"原创"
		}
	]
}
