<?xml version="1.0" encoding="UTF-8"?>
<!--
  Copyright 2010-2012 the original author or authors.

  Licensed under the Apache License, Version 2.0 (the "License");
  you may not use this file except in compliance with the License.
  You may obtain a copy of the License at

    http://www.apache.org/licenses/LICENSE-2.0

  Unless required by applicable law or agreed to in writing, software
  distributed under the License is distributed on an "AS IS" BASIS,
  WITHOUT WARRANTIES OR CONDITIONS OF ANY KIND, either express or implied.
  See the License for the specific language governing permissions and
  limitations under the License.
-->

<!-- version: $Id$ -->

<document xmlns="http://maven.apache.org/XDOC/2.0" xmlns:xsi="http://www.w3.org/2001/XMLSchema-instance"
  xsi:schemaLocation="http://maven.apache.org/XDOC/2.0 http://maven.apache.org/xsd/xdoc-2.0.xsd">

  <properties>
    <title>MyBatis 3 | Introduction</title>
    <author email="clinton.begin@gmail.com">Clinton Begin</author>
  </properties>

  <body>
    <section name="Introduction">
      <subsection name="What is MyBatis?">
        <p>
          MyBatis is a first class persistence framework with support for
          custom SQL,
          stored procedures and advanced mappings. MyBatis
          eliminates almost
          all of the JDBC code and manual setting of
          parameters and retrieval
          of results. MyBatis can use simple XML or
          Annotations for
          configuration and map primitives, Map interfaces and
          Java POJOs
          (Plain Old Java Objects) to database records.
        </p>
      </subsection>

      <subsection name="Help make this documentation better…">
        <p>
          If you find this documentation lacking in any way, or missing
          documentation for a feature, then the best thing to do is learn
          about it and then write the documentation yourself!
        </p>
        <p>
          Sources of this manual are available in xdoc format at
          <a href="https://github.com/mybatis/mybatis-3/tree/master/src/site">project's Git </a>
          Fork the repository, update them and send a pull request.
        </p>
        <p>
          You’re the best author of this documentation, people like you have
          to read it!
        </p>
      </subsection>

      <subsection name="Translations">
        <p>Users can read about MyBatis in following translations:</p>
        <ul class="i18n">
          <li class="en"><a href="./getting-started.html">English</a></li>
          <li class="es"><a href="./es/index.html">Español</a></li>
<!--      <li class="fr"><a href="./fr/index.html">Français</a></li> -->      
          <li class="ja"><a href="./ja/index.html">日本語</a></li>
          <li class="ko"><a href="./ko/index.html">한국어</a></li>
          <li class="zh"><a href="./zh/index.html">简体中文</a></li>
        </ul>
        <p>Do you want to read about MyBatis in your own native language? File an issue providing patches with your
        mother tongue documentation!</p>
      </subsection>
    </section>
  </body>

</document>

