<?xml version="1.0"?>
<!DOCTYPE hibernate-mapping PUBLIC
        "-//Hibernate/Hibernate Mapping DTD 3.0//EN"
        "http://www.hibernate.org/dtd/hibernate-mapping-3.0.dtd">
<hibernate-mapping>
	<class name="cn.sxt.vo.system.Temp" table="t_temp">
		<id name="id" column="id">
			<generator class="native"/>
		</id>
		<property name="startTime"/>
		<property name="timeLength"/>
		<!-- 多对一的配置 -->
		<many-to-one name="student" column="stuId" fetch="join"/>
		<many-to-one name="record" column="recordId" fetch="join"/>
	</class>
	
</hibernate-mapping>
