{
    "images": [{
        "size": "16x16",
        "idiom": "mac",
        "filename": "icon_16.png",
        "scale": "1x"
    }, {
        "size": "16x16",
        "idiom": "mac",
        "filename": "icon_32.png",
        "scale": "2x"
    }, {
        "size": "32x32",
        "idiom": "mac",
        "filename": "icon_32.png",
        "scale": "1x"
    }, {
        "size": "32x32",
        "idiom": "mac",
        "filename": "icon_32@2x.png",
        "scale": "2x"
    }, {
        "size": "128x128",
        "idiom": "mac",
        "filename": "icon_128.png",
        "scale": "1x"
    }, {
        "size": "128x128",
        "idiom": "mac",
        "filename": "icon_256.png",
        "scale": "2x"
    }, {
        "size": "256x256",
        "idiom": "mac",
        "filename": "icon_256.png",
        "scale": "1x"
    }, {
        "size": "256x256",
        "idiom": "mac",
        "filename": "icon_512.png",
        "scale": "2x"
    }, {
        "size": "512x512",
        "idiom": "mac",
        "filename": "icon_512.png",
        "scale": "1x"
    }, {
        "size": "512x512",
        "idiom": "mac",
        "filename": "icon_512@2x.png",
        "scale": "2x"
    }],
    "info": {
        "version": 1,
        "author": "xcode"
    }
}