<?xml version="1.0" encoding="UTF-8" ?>
<!DOCTYPE struts PUBLIC
    "-//Apache Software Foundation//DTD Struts Configuration 2.3//EN"
    "http://struts.apache.org/dtds/struts-2.3.dtd">
<struts>
	<package name="exam" namespace="/student/exam" extends="struts-default">
		<action name="toExam" class="cn.sxt.action.student.ExamAction" method="toExam">
			<result>/jsp/student/exam.jsp</result>
		</action>
		<action name="paper" class="cn.sxt.action.student.ExamAction" method="paper">
			<result>/jsp/student/paper.jsp</result>
		</action>
		<action name="submitPaper" class="cn.sxt.action.student.ExamAction" method="submitPaper">
			<result>/jsp/student/result.jsp</result>
		</action>
	</package>
</struts>