<?xml version="1.0" encoding="UTF-8" ?>
<!DOCTYPE struts PUBLIC
    "-//Apache Software Foundation//DTD Struts Configuration 2.3//EN"
    "http://struts.apache.org/dtds/struts-2.3.dtd">
<struts>
	<package name="record" namespace="/student/record" extends="struts-default">
		<action name="list" class="cn.sxt.action.student.RecordAction" method="list">
			<result>/jsp/student/record.jsp</result>
		</action>
		<action name="detail" class="cn.sxt.action.student.RecordAction" method="detail">
			<result>/jsp/student/detail.jsp</result>
		</action>
	</package>
</struts>