<?xml version="1.0" encoding="UTF-8" ?>
<!DOCTYPE struts PUBLIC
    "-//Apache Software Foundation//DTD Struts Configuration 2.3//EN"
    "http://struts.apache.org/dtds/struts-2.3.dtd">
<struts>
	<package name="student" namespace="/student/student" extends="struts-default">
		<!-- <action name="list" class="cn.sxt.action.teacher.ClussAction" method="list">
			<result>/jsp/teacher/list_cluss.jsp</result>
		</action>
		<action name="delete" class="cn.sxt.action.teacher.ClussAction" method="delete">
			<result name="list" type="redirectAction">list</result>
		</action> -->
		<action name="batch" class="cn.sxt.action.student.StudentAction" method="batch">
			<result type="redirectAction">list</result>
			<result name="error">/jsp/common/error.jsp</result>
			<interceptor-ref name="fileUpload">
				<param name="maximumSize">20971520</param>
				<param name="allowedExtensions">xls,xlsx</param>
			</interceptor-ref>
			<interceptor-ref name="defaultStack"/>
		</action>
		<action name="*" class="cn.sxt.action.student.StudentAction" method="{1}">
			<result>/jsp/student/list_student.jsp</result>
			<result name="list" type="redirectAction">list</result>
			<result name="toAdd">/jsp/student/add_student.jsp</result>
			<result name="selectOne">/jsp/student/edit_student.jsp</result>
			<result name="error">/jsp/common/error.jsp</result>
		</action>
	</package>
</struts>