<?xml version="1.0" encoding="UTF-8"?>
<assembly>
  <id>installer</id>
  <formats>
    <format>zip</format>
  </formats>
  <includeBaseDirectory>false</includeBaseDirectory>
  <fileSets>
    <fileSet>
      <directory>../jbpm-installer</directory>
      <excludes>
        <exclude>eclipse/**</exclude>
        <exclude>jboss*/**</exclude>
        <exclude>lib/**</exclude>
        <exclude>repository/**</exclude>
        <exclude>repository.xml</exclude>
        <exclude>runtime/**</exclude>
        <exclude>workspace/**</exclude>
        <exclude>sample/evaluation/bin/**</exclude>
        <exclude>sample/evaluation/.settings/**</exclude>
        <exclude>sample/evaluation/src/main/resources/.guvnorinfo/**</exclude>
        <exclude>task-service/target/**</exclude>
        <exclude>derby.log</exclude>
      </excludes>
    </fileSet>
  </fileSets>   
</assembly>
