<?xml version="1.0" encoding="UTF-8"?>
<assembly>
  <id>pre-bin</id>
  <formats>
    <format>dir</format>
  </formats>
  <includeBaseDirectory>false</includeBaseDirectory>
  <dependencySets>
    <dependencySet>
      <includes>
        <include>org.jbpm:jbpm-flow</include>
        <include>org.jbpm:jbpm-flow-builder</include>
        <include>org.jbpm:jbpm-persistence-jpa</include>
        <include>org.jbpm:jbpm-bpmn2</include>
        <include>org.jbpm:jbpm-audit</include>
        <include>org.jbpm:jbpm-workitems</include>
        <include>org.jbpm:jbpm-services-api</include>
        <include>org.jbpm:jbpm-kie-services</include>
        <include>org.jbpm:jbpm-services-cdi</include>
        <include>org.jbpm:jbpm-services-ejb-api</include>
        <include>org.jbpm:jbpm-services-ejb-impl</include>
        <include>org.jbpm:jbpm-services-ejb-client</include>
        <include>org.jbpm:jbpm-services-ejb-timer</include>
        <include>org.jbpm:jbpm-executor</include>
        <include>org.jbpm:jbpm-human-task-core</include>
        <include>org.jbpm:jbpm-human-task-workitems</include>
        <include>org.jbpm:jbpm-human-task-audit</include>
        <include>org.jbpm:jbpm-human-task-jpa</include>
        <include>org.jbpm:jbpm-shared-services</include>
        <include>org.jbpm:jbpm-test</include>
        <include>org.jbpm:jbpm-runtime-manager</include>
      </includes>
      <excludes>
        <exclude>*:sources</exclude>
      </excludes>
      <outputDirectory></outputDirectory>
    </dependencySet>
    <dependencySet>
      <excludes>
        <exclude>org.jbpm:jbpm-flow</exclude>
        <exclude>org.jbpm:jbpm-flow-builder</exclude>
        <exclude>org.jbpm:jbpm-persistence-jpa</exclude>
        <exclude>org.jbpm:jbpm-bpmn2</exclude>
        <exclude>org.jbpm:jbpm-audit</exclude>
        <exclude>org.jbpm:jbpm-workitems</exclude>
        <exclude>org.jbpm:jbpm-services-api</exclude>
        <exclude>org.jbpm:jbpm-kie-services</exclude>
        <exclude>org.jbpm:jbpm-services-cdi</exclude>
        <exclude>org.jbpm:jbpm-services-ejb-api</exclude>
        <exclude>org.jbpm:jbpm-services-ejb-impl</exclude>
        <exclude>org.jbpm:jbpm-services-ejb-client</exclude>
        <exclude>org.jbpm:jbpm-services-ejb-timer</exclude>
        <exclude>org.jbpm:jbpm-executor</exclude>
        <exclude>org.jbpm:jbpm-human-task-core</exclude>
        <exclude>org.jbpm:jbpm-human-task-workitems</exclude>
        <exclude>org.jbpm:jbpm-human-task-audit</exclude>
        <exclude>org.jbpm:jbpm-human-task-jpa</exclude>
        <exclude>org.jbpm:jbpm-shared-services</exclude>
        <exclude>org.jbpm:jbpm-test</exclude>
        <exclude>org.jbpm:jbpm-runtime-manager</exclude>
        <exclude>org.jbpm:jbpm-examples</exclude>
        <exclude>*:war</exclude>
        <exclude>*:sources</exclude>
      </excludes>
      <outputDirectory>lib</outputDirectory>
    </dependencySet>
  </dependencySets>
</assembly>
