<?xml version="1.0" encoding="UTF-8"?>
<!--
  Copyright 2002-2005 The Apache Software Foundation or its licensors,
  as applicable.

  Licensed under the Apache License, Version 2.0 (the "License");
  you may not use this file except in compliance with the License.
  You may obtain a copy of the License at

      http://www.apache.org/licenses/LICENSE-2.0

  Unless required by applicable law or agreed to in writing, software
  distributed under the License is distributed on an "AS IS" BASIS,
  WITHOUT WARRANTIES OR CONDITIONS OF ANY KIND, either express or implied.
  See the License for the specific language governing permissions and
  limitations under the License.
-->
<!DOCTYPE document PUBLIC "-//APACHE//DTD Documentation V2.0//EN"
"http://forrest.apache.org/dtd/document-v20.dtd">
<document>
    <header>
        <title>Mailing Lists</title>
    <authors>
      <person email="stritti@users.berlios.de" id="ssr"
              name="Stephan Strittmatter" />
    </authors>
    </header>

    <body>
        <section id="mailinglists">
	        <title>Mailing Lists for log4js</title>
            <p>
                Mailing lists provided via a BerliOS Developer version of <a href="http://www.list.org/">GNU Mailman</a>. 
                Thanks to the Mailman and <a href="http://www.python.org/">Python</a> crews for excellent software.
            </p><p>
                Choose a list to browse, search, and post messages.
             </p>
	        <section id="user">
	            <title>User Mailing List</title>
	            <p>
	                <a href="http://lists.berlios.de/pipermail/log4js-user">log4js-user Archives</a> 
                    (go to <a href="http://lists.berlios.de/mailman/listinfo/log4js-user">Subscribe/Unsubscribe/Preferences</a>)
                </p>
	        </section>  
	        <section id="developer">
	            <title>Developer Mailing List</title>
	            <p>
	                <a href="http://lists.berlios.de/pipermail/log4js-dev">log4js-dev Archives</a> 
                    (go to <a href="http://lists.berlios.de/mailman/listinfo/log4js-dev">Subscribe/Unsubscribe/Preferences</a>)
                </p>
	        </section>
        </section>
    </body>
</document>