<?xml version="1.0" encoding="UTF-8"?>
<!--
  Copyright 2002-2005 The Apache Software Foundation or its licensors,
  as applicable.

  Licensed under the Apache License, Version 2.0 (the "License");
  you may not use this file except in compliance with the License.
  You may obtain a copy of the License at

      http://www.apache.org/licenses/LICENSE-2.0

  Unless required by applicable law or agreed to in writing, software
  distributed under the License is distributed on an "AS IS" BASIS,
  WITHOUT WARRANTIES OR CONDITIONS OF ANY KIND, either express or implied.
  See the License for the specific language governing permissions and
  limitations under the License.
-->
<!DOCTYPE document PUBLIC "-//APACHE//DTD Documentation V2.0//EN"
"http://forrest.apache.org/dtd/document-v20.dtd">
<document>
  <header>
    <title>Log4js SVN</title>

    <authors>
      <person email="stritti@users.berlios.de" id="ssr"
              name="Stephan Strittmatter" />
    </authors>
  </header>

  <body>
    <note>For futher information about usage of Subversion see the <a
    href="ext:log4js/svnhowto">Subversion (SVN) HowTo</a>.</note>

    <section>
      <title>Browse the SVN Tree</title>

      <p>Browsing the SVN tree gives you a great view into the current status
      of this project's code. You may also view the complete histories of any
      file in the repository.</p>

      <ul>
        <li><a href="http://svn.berlios.de/viewcvs/log4js">Browse with
        ViewCVS</a></li>

        <li><a href="http://svn.berlios.de/wsvn/log4js">Browse with
        WebSVN</a></li>
      </ul>
    </section>

    <section>
      <title>Anonymous SVN Access via SVN</title>

      <p>This project's BerliOS Developer SVN repository can be checked out
      through anonymous (svnserve) SVN with the following instruction set.</p>

      <source>
       svn checkout svn://svn.berlios.de/log4js/trunk
      </source>
    </section>

    <section>
      <title>Anonymous SVN Access via HTTP</title>

      <p>This project's BerliOS Developer SVN repository can be checked out
      through anonymous HTTP with the following instruction set.</p>

      <source>
           svn checkout http://svn.berlios.de/svnroot/repos/log4js/trunk 
      </source>

      <p>Updates from within the module's directory do not need the -d
      parameter.</p>
    </section>

    <section>
      <title>Developer SVN Access via SSH</title>

      <p>Only project developers can access the SVN tree via this method. SSH2
      must be installed on your client machine. Substitute developername with
      the proper value. Enter your site password when prompted.</p>

      <source>
        svn checkout \
        svn+ssh://developername@svn.berlios.de/svnroot/repos/log4js/trunk
      </source>
    </section>

    <section>
      <title>Developer SVN Access via HTTPS</title>

      <p>Only project developers can access the SVN tree via this method.
      Substitute developername with the proper value. Enter your site password
      when prompted.</p>

      <source>
        svn checkout \
        https://developername@svn.berlios.de/svnroot/repos/log4js/trunk
      </source>
    </section>
  </body>
</document>